Run,Age,Assay Type,AvgSpotLen,Bases,BioProject,BioSample,BioSampleModel,Bytes,cell_line,Center Name,Consent,DATASTORE filetype,DATASTORE provider,DATASTORE region,Experiment,Instrument,isolate,Library Name,LibraryLayout,LibrarySelection,LibrarySource,Organism,Platform,ReleaseDate,create_date,version,Sample Name,sex,SRA Study,tissue,system type,strain,subtype
SRR10489470,not applicable,RNA-Seq,100,5782888100,PRJNA590388,SAMN13326422,Model organism or animal,2594769282,MDCK,MPIMG,public,"run.zq,fastq,sra","ncbi,s3,gs","ncbi.public,s3.us-east-1,gs.US",SRX7178742,Illumina HiSeq 2500,bulk_RNA,L8375-1_RNA-MDCK_S34,PAIRED,Oligo-dT,TRANSCRIPTOMIC,Canis lupus,ILLUMINA,2020-12-19T00:00:00Z,2019-11-19T10:29:00Z,1,L8375-1_RNA-MDCK_S34,not applicable,SRP230490,bulk - kidney cell line,in vitro,A/Puerto Rico/8/34/Mount Sinai,H1N1
SRR10489471,not applicable,RNA-Seq,100,6580020900,PRJNA590388,SAMN13326421,Model organism or animal,2240642290,MDCK,MPIMG,public,"fastq,sra,run.zq","ncbi,gs,s3","s3.us-east-1,ncbi.public,gs.US",SRX7178741,Illumina HiSeq 2500,bulk_infection2,L8682-1_INF-II_S2,PAIRED,Oligo-dT,TRANSCRIPTOMIC,Canis lupus,ILLUMINA,2020-12-19T00:00:00Z,2019-11-19T10:41:00Z,1,L8682-1_INF-II_S2,not applicable,SRP230490,bulk - kidney cell line,in vitro,A/Puerto Rico/8/34/Mount Sinai,H1N1
SRR10489472,not applicable,RNA-Seq,100,5498243500,PRJNA590388,SAMN13326420,Model organism or animal,1883184645,MDCK,MPIMG,public,"fastq,sra,run.zq","gs,s3,ncbi","gs.US,ncbi.public,s3.us-east-1",SRX7178740,Illumina HiSeq 2500,bulk_infection1,L8681-1_INF-I_S1,PAIRED,Oligo-dT,TRANSCRIPTOMIC,Canis lupus,ILLUMINA,2020-12-19T00:00:00Z,2019-11-19T10:38:00Z,1,L8681-1_INF-I_S1,not applicable,SRP230490,bulk - kidney cell line,in vitro,A/Puerto Rico/8/34/Mount Sinai,H1N1
SRR10489473,not applicable,RNA-Seq,100,15333100,PRJNA590388,SAMN13326419,Model organism or animal,8220253,MDCK,MPIMG,public,"run.zq,fastq,sra","s3,ncbi,gs","gs.US,s3.us-east-1,ncbi.public",SRX7178739,Illumina HiSeq 2500,cell_S63,L1185-1_XXXXXX_S63,PAIRED,PolyA,TRANSCRIPTOMIC SINGLE CELL,Canis lupus,ILLUMINA,2020-12-19T00:00:00Z,2019-11-19T10:21:00Z,1,L1185-1_XXXXXX_S63,not applicable,SRP230490,single cells - kidney cell line,in vitro,A/Puerto Rico/8/34/Mount Sinai,H1N1
SRR10489474,not applicable,RNA-Seq,100,18369800,PRJNA590388,SAMN13326418,Model organism or animal,9387268,MDCK,MPIMG,public,"run.zq,sra,fastq","ncbi,s3,gs","gs.US,s3.us-east-1,ncbi.public",SRX7178738,Illumina HiSeq 2500,cell_S96,L1185-1_Cell96_PFU1_low_S96,PAIRED,PolyA,TRANSCRIPTOMIC SINGLE CELL,Canis lupus,ILLUMINA,2020-12-19T00:00:00Z,2019-11-19T10:21:00Z,1,L1185-1_Cell96_PFU1_low_S96,not applicable,SRP230490,single cells - kidney cell line,in vitro,A/Puerto Rico/8/34/Mount Sinai,H1N1
SRR10489475,not applicable,RNA-Seq,100,9511100,PRJNA590388,SAMN13326417,Model organism or animal,5066565,MDCK,MPIMG,public,"run.zq,sra,fastq","ncbi,s3,gs","ncbi.public,gs.US,s3.us-east-1",SRX7178737,Illumina HiSeq 2500,cell_S95,L1185-1_Cell95_PFU640_high_S95,PAIRED,PolyA,TRANSCRIPTOMIC SINGLE CELL,Canis lupus,ILLUMINA,2020-12-19T00:00:00Z,2019-11-19T10:21:00Z,1,L1185-1_Cell95_PFU640_high_S95,not applicable,SRP230490,single cells - kidney cell line,in vitro,A/Puerto Rico/8/34/Mount Sinai,H1N1
SRR10489476,not applicable,RNA-Seq,100,52589800,PRJNA590388,SAMN13326416,Model organism or animal,26490807,MDCK,MPIMG,public,"run.zq,fastq,sra","ncbi,gs,s3","ncbi.public,gs.US,s3.us-east-1",SRX7178736,Illumina HiSeq 2500,cell_S94,L1185-1_Cell94_PFU24_low_S94,PAIRED,PolyA,TRANSCRIPTOMIC SINGLE CELL,Canis lupus,ILLUMINA,2020-12-19T00:00:00Z,2019-11-19T10:21:00Z,1,L1185-1_Cell94_PFU24_low_S94,not applicable,SRP230490,single cells - kidney cell line,in vitro,A/Puerto Rico/8/34/Mount Sinai,H1N1
SRR10489477,not applicable,RNA-Seq,100,34078400,PRJNA590388,SAMN13326415,Model organism or animal,18034324,MDCK,MPIMG,public,"sra,run.zq,fastq","gs,ncbi,s3","gs.US,ncbi.public,s3.us-east-1",SRX7178735,Illumina HiSeq 2500,cell_S93,L1185-1_Cell93_PFU11_low_S93,PAIRED,PolyA,TRANSCRIPTOMIC SINGLE CELL,Canis lupus,ILLUMINA,2020-12-19T00:00:00Z,2019-11-19T10:21:00Z,1,L1185-1_Cell93_PFU11_low_S93,not applicable,SRP230490,single cells - kidney cell line,in vitro,A/Puerto Rico/8/34/Mount Sinai,H1N1
SRR10489478,not applicable,RNA-Seq,100,22326600,PRJNA590388,SAMN13326414,Model organism or animal,12149713,MDCK,MPIMG,public,"run.zq,sra,fastq","gs,s3,ncbi","s3.us-east-1,ncbi.public,gs.US",SRX7178734,Illumina HiSeq 2500,cell_S92,L1185-1_Cell92_PFU470_high_S92,PAIRED,PolyA,TRANSCRIPTOMIC SINGLE CELL,Canis lupus,ILLUMINA,2020-12-19T00:00:00Z,2019-11-19T10:21:00Z,1,L1185-1_Cell92_PFU470_high_S92,not applicable,SRP230490,single cells - kidney cell line,in vitro,A/Puerto Rico/8/34/Mount Sinai,H1N1
SRR10489479,not applicable,RNA-Seq,100,504900,PRJNA590388,SAMN13326333,Model organism or animal,325981,MDCK,MPIMG,public,"fastq,run.zq,sra","s3,ncbi,gs","s3.us-east-1,ncbi.public,gs.US",SRX7178733,Illumina HiSeq 2500,cell_S18,L1185-1_Cell18_PFU450_high_S18,PAIRED,PolyA,TRANSCRIPTOMIC SINGLE CELL,Canis lupus,ILLUMINA,2020-12-19T00:00:00Z,2019-11-19T10:21:00Z,1,L1185-1_Cell18_PFU450_high_S18,not applicable,SRP230490,single cells - kidney cell line,in vitro,A/Puerto Rico/8/34/Mount Sinai,H1N1
SRR10489480,not applicable,RNA-Seq,100,31135900,PRJNA590388,SAMN13326413,Model organism or animal,15707841,MDCK,MPIMG,public,"fastq,run.zq,sra","ncbi,s3,gs","ncbi.public,gs.US,s3.us-east-1",SRX7178732,Illumina HiSeq 2500,cell_S91,L1185-1_Cell91_PFU23_low_S91,PAIRED,PolyA,TRANSCRIPTOMIC SINGLE CELL,Canis lupus,ILLUMINA,2020-12-19T00:00:00Z,2019-11-19T10:21:00Z,1,L1185-1_Cell91_PFU23_low_S91,not applicable,SRP230490,single cells - kidney cell line,in vitro,A/Puerto Rico/8/34/Mount Sinai,H1N1
SRR10489481,not applicable,RNA-Seq,100,33647300,PRJNA590388,SAMN13326412,Model organism or animal,16790811,MDCK,MPIMG,public,"run.zq,sra,fastq","gs,ncbi,s3","ncbi.public,s3.us-east-1,gs.US",SRX7178731,Illumina HiSeq 2500,cell_S90,L1185-1_Cell90_PFU430_high_S90,PAIRED,PolyA,TRANSCRIPTOMIC SINGLE CELL,Canis lupus,ILLUMINA,2020-12-19T00:00:00Z,2019-11-19T10:21:00Z,1,L1185-1_Cell90_PFU430_high_S90,not applicable,SRP230490,single cells - kidney cell line,in vitro,A/Puerto Rico/8/34/Mount Sinai,H1N1
SRR10489482,not applicable,RNA-Seq,100,1500,PRJNA590388,SAMN13326411,Model organism or animal,81247,MDCK,MPIMG,public,"fastq,run.zq,sra","s3,ncbi,gs","gs.US,s3.us-east-1,ncbi.public",SRX7178730,Illumina HiSeq 2500,cell_S9,L1185-1_Cell9_PFU570_high_S9,PAIRED,PolyA,TRANSCRIPTOMIC SINGLE CELL,Canis lupus,ILLUMINA,2020-12-19T00:00:00Z,2019-11-19T10:21:00Z,1,L1185-1_Cell9_PFU570_high_S9,not applicable,SRP230490,single cells - kidney cell line,in vitro,A/Puerto Rico/8/34/Mount Sinai,H1N1
SRR10489483,not applicable,RNA-Seq,100,22761600,PRJNA590388,SAMN13326410,Model organism or animal,12167166,MDCK,MPIMG,public,"fastq,run.zq,sra","ncbi,gs,s3","s3.us-east-1,gs.US,ncbi.public",SRX7178729,Illumina HiSeq 2500,cell_S89,L1185-1_Cell89_PFU670_high_S89,PAIRED,PolyA,TRANSCRIPTOMIC SINGLE CELL,Canis lupus,ILLUMINA,2020-12-19T00:00:00Z,2019-11-19T10:21:00Z,1,L1185-1_Cell89_PFU670_high_S89,not applicable,SRP230490,single cells - kidney cell line,in vitro,A/Puerto Rico/8/34/Mount Sinai,H1N1
SRR10489484,not applicable,RNA-Seq,100,13318600,PRJNA590388,SAMN13326409,Model organism or animal,6982645,MDCK,MPIMG,public,"fastq,run.zq,sra","s3,ncbi,gs","ncbi.public,s3.us-east-1,gs.US",SRX7178728,Illumina HiSeq 2500,cell_S88,L1185-1_Cell88_PFU720_high_S88,PAIRED,PolyA,TRANSCRIPTOMIC SINGLE CELL,Canis lupus,ILLUMINA,2020-12-19T00:00:00Z,2019-11-19T10:21:00Z,1,L1185-1_Cell88_PFU720_high_S88,not applicable,SRP230490,single cells - kidney cell line,in vitro,A/Puerto Rico/8/34/Mount Sinai,H1N1
SRR10489485,not applicable,RNA-Seq,100,1864100,PRJNA590388,SAMN13326408,Model organism or animal,1095336,MDCK,MPIMG,public,"fastq,run.zq,sra","ncbi,s3,gs","gs.US,s3.us-east-1,ncbi.public",SRX7178727,Illumina HiSeq 2500,cell_S87,L1185-1_Cell87_PFU380_high_S87,PAIRED,PolyA,TRANSCRIPTOMIC SINGLE CELL,Canis lupus,ILLUMINA,2020-12-19T00:00:00Z,2019-11-19T10:21:00Z,1,L1185-1_Cell87_PFU380_high_S87,not applicable,SRP230490,single cells - kidney cell line,in vitro,A/Puerto Rico/8/34/Mount Sinai,H1N1
SRR10489486,not applicable,RNA-Seq,100,13302800,PRJNA590388,SAMN13326407,Model organism or animal,6981072,MDCK,MPIMG,public,"sra,run.zq,fastq","gs,s3,ncbi","ncbi.public,gs.US,s3.us-east-1",SRX7178726,Illumina HiSeq 2500,cell_S86,L1185-1_Cell86_PFU680_high_S86,PAIRED,PolyA,TRANSCRIPTOMIC SINGLE CELL,Canis lupus,ILLUMINA,2020-12-19T00:00:00Z,2019-11-19T10:21:00Z,1,L1185-1_Cell86_PFU680_high_S86,not applicable,SRP230490,single cells - kidney cell line,in vitro,A/Puerto Rico/8/34/Mount Sinai,H1N1
SRR10489487,not applicable,RNA-Seq,100,3067800,PRJNA590388,SAMN13326406,Model organism or animal,1827401,MDCK,MPIMG,public,"sra,fastq,run.zq","gs,s3,ncbi","ncbi.public,gs.US,s3.us-east-1",SRX7178725,Illumina HiSeq 2500,cell_S85,L1185-1_Cell85_PFU23_low_S85,PAIRED,PolyA,TRANSCRIPTOMIC SINGLE CELL,Canis lupus,ILLUMINA,2020-12-19T00:00:00Z,2019-11-19T10:21:00Z,1,L1185-1_Cell85_PFU23_low_S85,not applicable,SRP230490,single cells - kidney cell line,in vitro,A/Puerto Rico/8/34/Mount Sinai,H1N1
SRR10489488,not applicable,RNA-Seq,100,25282000,PRJNA590388,SAMN13326405,Model organism or animal,13980393,MDCK,MPIMG,public,"run.zq,sra,fastq","ncbi,s3,gs","ncbi.public,gs.US,s3.us-east-1",SRX7178724,Illumina HiSeq 2500,cell_S84,L1185-1_Cell84_PFU390_high_S84,PAIRED,PolyA,TRANSCRIPTOMIC SINGLE CELL,Canis lupus,ILLUMINA,2020-12-19T00:00:00Z,2019-11-19T10:21:00Z,1,L1185-1_Cell84_PFU390_high_S84,not applicable,SRP230490,single cells - kidney cell line,in vitro,A/Puerto Rico/8/34/Mount Sinai,H1N1
SRR10489489,not applicable,RNA-Seq,100,12597800,PRJNA590388,SAMN13326404,Model organism or animal,6446364,MDCK,MPIMG,public,"run.zq,sra,fastq","s3,ncbi,gs","s3.us-east-1,ncbi.public,gs.US",SRX7178723,Illumina HiSeq 2500,cell_S83,L1185-1_Cell83_PFU38_low_S83,PAIRED,PolyA,TRANSCRIPTOMIC SINGLE CELL,Canis lupus,ILLUMINA,2020-12-19T00:00:00Z,2019-11-19T10:21:00Z,1,L1185-1_Cell83_PFU38_low_S83,not applicable,SRP230490,single cells - kidney cell line,in vitro,A/Puerto Rico/8/34/Mount Sinai,H1N1
SRR10489490,not applicable,RNA-Seq,100,717700,PRJNA590388,SAMN13326332,Model organism or animal,447729,MDCK,MPIMG,public,"sra,fastq,run.zq","gs,s3,ncbi","s3.us-east-1,ncbi.public,gs.US",SRX7178722,Illumina HiSeq 2500,cell_S17,L1185-1_Cell17_PFU380_high_S17,PAIRED,PolyA,TRANSCRIPTOMIC SINGLE CELL,Canis lupus,ILLUMINA,2020-12-19T00:00:00Z,2019-11-19T10:21:00Z,1,L1185-1_Cell17_PFU380_high_S17,not applicable,SRP230490,single cells - kidney cell line,in vitro,A/Puerto Rico/8/34/Mount Sinai,H1N1
SRR10489491,not applicable,RNA-Seq,100,3993900,PRJNA590388,SAMN13326403,Model organism or animal,2092869,MDCK,MPIMG,public,"sra,fastq,run.zq","gs,s3,ncbi","ncbi.public,gs.US,s3.us-east-1",SRX7178721,Illumina HiSeq 2500,cell_S82,L1185-1_Cell82_PFU22_low_S82,PAIRED,PolyA,TRANSCRIPTOMIC SINGLE CELL,Canis lupus,ILLUMINA,2020-12-19T00:00:00Z,2019-11-19T10:21:00Z,1,L1185-1_Cell82_PFU22_low_S82,not applicable,SRP230490,single cells - kidney cell line,in vitro,A/Puerto Rico/8/34/Mount Sinai,H1N1
SRR10489492,not applicable,RNA-Seq,100,10274100,PRJNA590388,SAMN13326402,Model organism or animal,5506724,MDCK,MPIMG,public,"fastq,sra,run.zq","gs,ncbi,s3","gs.US,ncbi.public,s3.us-east-1",SRX7178720,Illumina HiSeq 2500,cell_S81,L1185-1_Cell81_PFU650_high_S81,PAIRED,PolyA,TRANSCRIPTOMIC SINGLE CELL,Canis lupus,ILLUMINA,2020-12-19T00:00:00Z,2019-11-19T10:21:00Z,1,L1185-1_Cell81_PFU650_high_S81,not applicable,SRP230490,single cells - kidney cell line,in vitro,A/Puerto Rico/8/34/Mount Sinai,H1N1
SRR10489493,not applicable,RNA-Seq,100,4760100,PRJNA590388,SAMN13326401,Model organism or animal,2560321,MDCK,MPIMG,public,"sra,run.zq,fastq","ncbi,gs,s3","gs.US,ncbi.public,s3.us-east-1",SRX7178719,Illumina HiSeq 2500,cell_S80,L1185-1_Cell80_PFU34_low_S80,PAIRED,PolyA,TRANSCRIPTOMIC SINGLE CELL,Canis lupus,ILLUMINA,2020-12-19T00:00:00Z,2019-11-19T10:21:00Z,1,L1185-1_Cell80_PFU34_low_S80,not applicable,SRP230490,single cells - kidney cell line,in vitro,A/Puerto Rico/8/34/Mount Sinai,H1N1
SRR10489494,not applicable,RNA-Seq,100,1968600,PRJNA590388,SAMN13326400,Model organism or animal,1136702,MDCK,MPIMG,public,"run.zq,sra,fastq","ncbi,s3,gs","gs.US,ncbi.public,s3.us-east-1",SRX7178718,Illumina HiSeq 2500,cell_S8,L1185-1_Cell8_PFU19_low_S8,PAIRED,PolyA,TRANSCRIPTOMIC SINGLE CELL,Canis lupus,ILLUMINA,2020-12-19T00:00:00Z,2019-11-19T10:21:00Z,1,L1185-1_Cell8_PFU19_low_S8,not applicable,SRP230490,single cells - kidney cell line,in vitro,A/Puerto Rico/8/34/Mount Sinai,H1N1
SRR10489495,not applicable,RNA-Seq,100,36782500,PRJNA590388,SAMN13326399,Model organism or animal,19549846,MDCK,MPIMG,public,"run.zq,sra,fastq","gs,ncbi,s3","gs.US,s3.us-east-1,ncbi.public",SRX7178717,Illumina HiSeq 2500,cell_S79,L1185-1_Cell79_PFU18_low_S79,PAIRED,PolyA,TRANSCRIPTOMIC SINGLE CELL,Canis lupus,ILLUMINA,2020-12-19T00:00:00Z,2019-11-19T10:21:00Z,1,L1185-1_Cell79_PFU18_low_S79,not applicable,SRP230490,single cells - kidney cell line,in vitro,A/Puerto Rico/8/34/Mount Sinai,H1N1
SRR10489496,not applicable,RNA-Seq,100,2615300,PRJNA590388,SAMN13326398,Model organism or animal,1416334,MDCK,MPIMG,public,"fastq,sra,run.zq","gs,ncbi,s3","gs.US,ncbi.public,s3.us-east-1",SRX7178716,Illumina HiSeq 2500,cell_S78,L1185-1_Cell78_PFU390_high_S78,PAIRED,PolyA,TRANSCRIPTOMIC SINGLE CELL,Canis lupus,ILLUMINA,2020-12-19T00:00:00Z,2019-11-19T10:21:00Z,1,L1185-1_Cell78_PFU390_high_S78,not applicable,SRP230490,single cells - kidney cell line,in vitro,A/Puerto Rico/8/34/Mount Sinai,H1N1
SRR10489497,not applicable,RNA-Seq,100,6383100,PRJNA590388,SAMN13326397,Model organism or animal,3592625,MDCK,MPIMG,public,"fastq,run.zq,sra","ncbi,s3,gs","gs.US,ncbi.public,s3.us-east-1",SRX7178715,Illumina HiSeq 2500,cell_S77,L1185-1_Cell77_PFU27_low_S77,PAIRED,PolyA,TRANSCRIPTOMIC SINGLE CELL,Canis lupus,ILLUMINA,2020-12-19T00:00:00Z,2019-11-19T10:21:00Z,1,L1185-1_Cell77_PFU27_low_S77,not applicable,SRP230490,single cells - kidney cell line,in vitro,A/Puerto Rico/8/34/Mount Sinai,H1N1
SRR10489498,not applicable,RNA-Seq,100,2028600,PRJNA590388,SAMN13326396,Model organism or animal,1236335,MDCK,MPIMG,public,"sra,run.zq,fastq","ncbi,s3,gs","s3.us-east-1,ncbi.public,gs.US",SRX7178714,Illumina HiSeq 2500,cell_S76,L1185-1_Cell76_PFU410_high_S76,PAIRED,PolyA,TRANSCRIPTOMIC SINGLE CELL,Canis lupus,ILLUMINA,2020-12-19T00:00:00Z,2019-11-19T10:21:00Z,1,L1185-1_Cell76_PFU410_high_S76,not applicable,SRP230490,single cells - kidney cell line,in vitro,A/Puerto Rico/8/34/Mount Sinai,H1N1
SRR10489499,not applicable,RNA-Seq,100,1626900,PRJNA590388,SAMN13326395,Model organism or animal,923673,MDCK,MPIMG,public,"run.zq,fastq,sra","gs,ncbi,s3","ncbi.public,s3.us-east-1,gs.US",SRX7178713,Illumina HiSeq 2500,cell_S75,L1185-1_Cell75_PFU40_low_S75,PAIRED,PolyA,TRANSCRIPTOMIC SINGLE CELL,Canis lupus,ILLUMINA,2020-12-19T00:00:00Z,2019-11-19T10:21:00Z,1,L1185-1_Cell75_PFU40_low_S75,not applicable,SRP230490,single cells - kidney cell line,in vitro,A/Puerto Rico/8/34/Mount Sinai,H1N1
SRR10489500,not applicable,RNA-Seq,100,3372200,PRJNA590388,SAMN13326394,Model organism or animal,1840490,MDCK,MPIMG,public,"run.zq,sra,fastq","ncbi,s3,gs","gs.US,ncbi.public,s3.us-east-1",SRX7178712,Illumina HiSeq 2500,cell_S74,L1185-1_Cell74_PFU900_high_S74,PAIRED,PolyA,TRANSCRIPTOMIC SINGLE CELL,Canis lupus,ILLUMINA,2020-12-19T00:00:00Z,2019-11-19T10:21:00Z,1,L1185-1_Cell74_PFU900_high_S74,not applicable,SRP230490,single cells - kidney cell line,in vitro,A/Puerto Rico/8/34/Mount Sinai,H1N1
SRR10489501,not applicable,RNA-Seq,100,22017600,PRJNA590388,SAMN13326331,Model organism or animal,11265710,MDCK,MPIMG,public,"run.zq,sra,fastq","ncbi,gs,s3","s3.us-east-1,gs.US,ncbi.public",SRX7178711,Illumina HiSeq 2500,cell_S16,L1185-1_Cell16_PFU3_low_S16,PAIRED,PolyA,TRANSCRIPTOMIC SINGLE CELL,Canis lupus,ILLUMINA,2020-12-19T00:00:00Z,2019-11-19T10:21:00Z,1,L1185-1_Cell16_PFU3_low_S16,not applicable,SRP230490,single cells - kidney cell line,in vitro,A/Puerto Rico/8/34/Mount Sinai,H1N1
SRR10489502,not applicable,RNA-Seq,100,1345300,PRJNA590388,SAMN13326393,Model organism or animal,807918,MDCK,MPIMG,public,"run.zq,fastq,sra","gs,ncbi,s3","gs.US,ncbi.public,s3.us-east-1",SRX7178710,Illumina HiSeq 2500,cell_S73,L1185-1_Cell73_PFU450_high_S73,PAIRED,PolyA,TRANSCRIPTOMIC SINGLE CELL,Canis lupus,ILLUMINA,2020-12-19T00:00:00Z,2019-11-19T10:21:00Z,1,L1185-1_Cell73_PFU450_high_S73,not applicable,SRP230490,single cells - kidney cell line,in vitro,A/Puerto Rico/8/34/Mount Sinai,H1N1
SRR10489503,not applicable,RNA-Seq,100,10189000,PRJNA590388,SAMN13326392,Model organism or animal,5201531,MDCK,MPIMG,public,"run.zq,sra,fastq","s3,gs,ncbi","s3.us-east-1,gs.US,ncbi.public",SRX7178709,Illumina HiSeq 2500,cell_S72,L1185-1_Cell72_PFU470_high_S72,PAIRED,PolyA,TRANSCRIPTOMIC SINGLE CELL,Canis lupus,ILLUMINA,2020-12-19T00:00:00Z,2019-11-19T10:21:00Z,1,L1185-1_Cell72_PFU470_high_S72,not applicable,SRP230490,single cells - kidney cell line,in vitro,A/Puerto Rico/8/34/Mount Sinai,H1N1
SRR10489504,not applicable,RNA-Seq,100,24049000,PRJNA590388,SAMN13326391,Model organism or animal,12900481,MDCK,MPIMG,public,"fastq,run.zq,sra","s3,gs,ncbi","ncbi.public,s3.us-east-1,gs.US",SRX7178708,Illumina HiSeq 2500,cell_S71,L1185-1_Cell71_PFU1100_high_S71,PAIRED,PolyA,TRANSCRIPTOMIC SINGLE CELL,Canis lupus,ILLUMINA,2020-12-19T00:00:00Z,2019-11-19T10:21:00Z,1,L1185-1_Cell71_PFU1100_high_S71,not applicable,SRP230490,single cells - kidney cell line,in vitro,A/Puerto Rico/8/34/Mount Sinai,H1N1
SRR10489505,not applicable,RNA-Seq,100,11689700,PRJNA590388,SAMN13326390,Model organism or animal,6050715,MDCK,MPIMG,public,"sra,run.zq,fastq","ncbi,gs,s3","ncbi.public,s3.us-east-1,gs.US",SRX7178707,Illumina HiSeq 2500,cell_S70,L1185-1_Cell70_PFU360_high_S70,PAIRED,PolyA,TRANSCRIPTOMIC SINGLE CELL,Canis lupus,ILLUMINA,2020-12-19T00:00:00Z,2019-11-19T10:21:00Z,1,L1185-1_Cell70_PFU360_high_S70,not applicable,SRP230490,single cells - kidney cell line,in vitro,A/Puerto Rico/8/34/Mount Sinai,H1N1
SRR10489506,not applicable,RNA-Seq,100,2001900,PRJNA590388,SAMN13326389,Model organism or animal,1193036,MDCK,MPIMG,public,"sra,run.zq,fastq","gs,s3,ncbi","ncbi.public,gs.US,s3.us-east-1",SRX7178706,Illumina HiSeq 2500,cell_S7,L1185-1_Cell7_PFU5_low_S7,PAIRED,PolyA,TRANSCRIPTOMIC SINGLE CELL,Canis lupus,ILLUMINA,2020-12-19T00:00:00Z,2019-11-19T10:21:00Z,1,L1185-1_Cell7_PFU5_low_S7,not applicable,SRP230490,single cells - kidney cell line,in vitro,A/Puerto Rico/8/34/Mount Sinai,H1N1
SRR10489507,not applicable,RNA-Seq,100,6432800,PRJNA590388,SAMN13326388,Model organism or animal,3577268,MDCK,MPIMG,public,"sra,run.zq,fastq","gs,ncbi,s3","s3.us-east-1,gs.US,ncbi.public",SRX7178705,Illumina HiSeq 2500,cell_S69,L1185-1_Cell69_PFU690_high_S69,PAIRED,PolyA,TRANSCRIPTOMIC SINGLE CELL,Canis lupus,ILLUMINA,2020-12-19T00:00:00Z,2019-11-19T10:21:00Z,1,L1185-1_Cell69_PFU690_high_S69,not applicable,SRP230490,single cells - kidney cell line,in vitro,A/Puerto Rico/8/34/Mount Sinai,H1N1
SRR10489508,not applicable,RNA-Seq,100,7556500,PRJNA590388,SAMN13326387,Model organism or animal,4233974,MDCK,MPIMG,public,"fastq,run.zq,sra","gs,ncbi,s3","gs.US,s3.us-east-1,ncbi.public",SRX7178704,Illumina HiSeq 2500,cell_S68,L1185-1_Cell68_PFU490_high_S68,PAIRED,PolyA,TRANSCRIPTOMIC SINGLE CELL,Canis lupus,ILLUMINA,2020-12-19T00:00:00Z,2019-11-19T10:21:00Z,1,L1185-1_Cell68_PFU490_high_S68,not applicable,SRP230490,single cells - kidney cell line,in vitro,A/Puerto Rico/8/34/Mount Sinai,H1N1
SRR10489509,not applicable,RNA-Seq,100,7641800,PRJNA590388,SAMN13326386,Model organism or animal,3904684,MDCK,MPIMG,public,"fastq,sra,run.zq","s3,ncbi,gs","ncbi.public,gs.US,s3.us-east-1",SRX7178703,Illumina HiSeq 2500,cell_S67,L1185-1_Cell67_PFU580_high_S67,PAIRED,PolyA,TRANSCRIPTOMIC SINGLE CELL,Canis lupus,ILLUMINA,2020-12-19T00:00:00Z,2019-11-19T10:21:00Z,1,L1185-1_Cell67_PFU580_high_S67,not applicable,SRP230490,single cells - kidney cell line,in vitro,A/Puerto Rico/8/34/Mount Sinai,H1N1
SRR10489510,not applicable,RNA-Seq,100,25539800,PRJNA590388,SAMN13326385,Model organism or animal,13084431,MDCK,MPIMG,public,"run.zq,sra,fastq","s3,gs,ncbi","ncbi.public,gs.US,s3.us-east-1",SRX7178702,Illumina HiSeq 2500,cell_S66,L1185-1_Cell66_PFU400_high_S66,PAIRED,PolyA,TRANSCRIPTOMIC SINGLE CELL,Canis lupus,ILLUMINA,2020-12-19T00:00:00Z,2019-11-19T10:21:00Z,1,L1185-1_Cell66_PFU400_high_S66,not applicable,SRP230490,single cells - kidney cell line,in vitro,A/Puerto Rico/8/34/Mount Sinai,H1N1
SRR10489511,not applicable,RNA-Seq,100,2356400,PRJNA590388,SAMN13326384,Model organism or animal,1330810,MDCK,MPIMG,public,"sra,fastq,run.zq","gs,s3,ncbi","ncbi.public,gs.US,s3.us-east-1",SRX7178701,Illumina HiSeq 2500,cell_S65,L1185-1_Cell65_PFU380_high_S65,PAIRED,PolyA,TRANSCRIPTOMIC SINGLE CELL,Canis lupus,ILLUMINA,2020-12-19T00:00:00Z,2019-11-19T10:21:00Z,1,L1185-1_Cell65_PFU380_high_S65,not applicable,SRP230490,single cells - kidney cell line,in vitro,A/Puerto Rico/8/34/Mount Sinai,H1N1
SRR10489512,not applicable,RNA-Seq,100,42267200,PRJNA590388,SAMN13326330,Model organism or animal,22499805,MDCK,MPIMG,public,"run.zq,sra,fastq","s3,ncbi,gs","gs.US,s3.us-east-1,ncbi.public",SRX7178700,Illumina HiSeq 2500,cell_S15,L1185-1_Cell15_PFU16_low_S15,PAIRED,PolyA,TRANSCRIPTOMIC SINGLE CELL,Canis lupus,ILLUMINA,2020-12-19T00:00:00Z,2019-11-19T10:21:00Z,1,L1185-1_Cell15_PFU16_low_S15,not applicable,SRP230490,single cells - kidney cell line,in vitro,A/Puerto Rico/8/34/Mount Sinai,H1N1
SRR10489513,not applicable,RNA-Seq,100,4314300,PRJNA590388,SAMN13326383,Model organism or animal,2277186,MDCK,MPIMG,public,"sra,fastq,run.zq","s3,gs,ncbi","s3.us-east-1,ncbi.public,gs.US",SRX7178699,Illumina HiSeq 2500,cell_S64,L1185-1_Cell64_PFU360_high_S64,PAIRED,PolyA,TRANSCRIPTOMIC SINGLE CELL,Canis lupus,ILLUMINA,2020-12-19T00:00:00Z,2019-11-19T10:21:00Z,1,L1185-1_Cell64_PFU360_high_S64,not applicable,SRP230490,single cells - kidney cell line,in vitro,A/Puerto Rico/8/34/Mount Sinai,H1N1
SRR10489514,not applicable,RNA-Seq,100,9593900,PRJNA590388,SAMN13326382,Model organism or animal,4958143,MDCK,MPIMG,public,"run.zq,fastq,sra","ncbi,s3,gs","ncbi.public,s3.us-east-1,gs.US",SRX7178698,Illumina HiSeq 2500,cell_S62,L1185-1_Cell62_PFU360_high_S62,PAIRED,PolyA,TRANSCRIPTOMIC SINGLE CELL,Canis lupus,ILLUMINA,2020-12-19T00:00:00Z,2019-11-19T10:21:00Z,1,L1185-1_Cell62_PFU360_high_S62,not applicable,SRP230490,single cells - kidney cell line,in vitro,A/Puerto Rico/8/34/Mount Sinai,H1N1
SRR10489515,not applicable,RNA-Seq,100,22714700,PRJNA590388,SAMN13326381,Model organism or animal,12288754,MDCK,MPIMG,public,"run.zq,fastq,sra","ncbi,gs,s3","ncbi.public,s3.us-east-1,gs.US",SRX7178697,Illumina HiSeq 2500,cell_S61,L1185-1_Cell61_PFU360_high_S61,PAIRED,PolyA,TRANSCRIPTOMIC SINGLE CELL,Canis lupus,ILLUMINA,2020-12-19T00:00:00Z,2019-11-19T10:21:00Z,1,L1185-1_Cell61_PFU360_high_S61,not applicable,SRP230490,single cells - kidney cell line,in vitro,A/Puerto Rico/8/34/Mount Sinai,H1N1
SRR10489516,not applicable,RNA-Seq,100,19883400,PRJNA590388,SAMN13326380,Model organism or animal,11177797,MDCK,MPIMG,public,"run.zq,sra,fastq","ncbi,gs,s3","ncbi.public,s3.us-east-1,gs.US",SRX7178696,Illumina HiSeq 2500,cell_S60,L1185-1_Cell60_PFU37_low_S60,PAIRED,PolyA,TRANSCRIPTOMIC SINGLE CELL,Canis lupus,ILLUMINA,2020-12-19T00:00:00Z,2019-11-19T10:21:00Z,1,L1185-1_Cell60_PFU37_low_S60,not applicable,SRP230490,single cells - kidney cell line,in vitro,A/Puerto Rico/8/34/Mount Sinai,H1N1
SRR10489517,not applicable,RNA-Seq,100,8587400,PRJNA590388,SAMN13326379,Model organism or animal,4531837,MDCK,MPIMG,public,"run.zq,fastq,sra","s3,ncbi,gs","ncbi.public,s3.us-east-1,gs.US",SRX7178695,Illumina HiSeq 2500,cell_S6,L1185-1_Cell6_PFU360_high_S6,PAIRED,PolyA,TRANSCRIPTOMIC SINGLE CELL,Canis lupus,ILLUMINA,2020-12-19T00:00:00Z,2019-11-19T10:21:00Z,1,L1185-1_Cell6_PFU360_high_S6,not applicable,SRP230490,single cells - kidney cell line,in vitro,A/Puerto Rico/8/34/Mount Sinai,H1N1
SRR10489518,not applicable,RNA-Seq,100,8174900,PRJNA590388,SAMN13326378,Model organism or animal,4245437,MDCK,MPIMG,public,"run.zq,sra,fastq","ncbi,s3,gs","ncbi.public,s3.us-east-1,gs.US",SRX7178694,Illumina HiSeq 2500,cell_S59,L1185-1_Cell59_PFU460_high_S59,PAIRED,PolyA,TRANSCRIPTOMIC SINGLE CELL,Canis lupus,ILLUMINA,2020-12-19T00:00:00Z,2019-11-19T10:21:00Z,1,L1185-1_Cell59_PFU460_high_S59,not applicable,SRP230490,single cells - kidney cell line,in vitro,A/Puerto Rico/8/34/Mount Sinai,H1N1
SRR10489519,not applicable,RNA-Seq,100,8739100,PRJNA590388,SAMN13326377,Model organism or animal,4712022,MDCK,MPIMG,public,"run.zq,sra,fastq","s3,gs,ncbi","gs.US,s3.us-east-1,ncbi.public",SRX7178693,Illumina HiSeq 2500,cell_S58,L1185-1_Cell58_PFU330_high_S58,PAIRED,PolyA,TRANSCRIPTOMIC SINGLE CELL,Canis lupus,ILLUMINA,2020-12-19T00:00:00Z,2019-11-19T10:21:00Z,1,L1185-1_Cell58_PFU330_high_S58,not applicable,SRP230490,single cells - kidney cell line,in vitro,A/Puerto Rico/8/34/Mount Sinai,H1N1
SRR10489520,not applicable,RNA-Seq,100,49677300,PRJNA590388,SAMN13326376,Model organism or animal,26459834,MDCK,MPIMG,public,"sra,fastq,run.zq","s3,ncbi,gs","s3.us-east-1,gs.US,ncbi.public",SRX7178692,Illumina HiSeq 2500,cell_S57,L1185-1_Cell57_PFU25_low_S57,PAIRED,PolyA,TRANSCRIPTOMIC SINGLE CELL,Canis lupus,ILLUMINA,2020-12-19T00:00:00Z,2019-11-19T10:22:00Z,1,L1185-1_Cell57_PFU25_low_S57,not applicable,SRP230490,single cells - kidney cell line,in vitro,A/Puerto Rico/8/34/Mount Sinai,H1N1
SRR10489521,not applicable,RNA-Seq,100,13130100,PRJNA590388,SAMN13326375,Model organism or animal,6915805,MDCK,MPIMG,public,"run.zq,fastq,sra","s3,gs,ncbi","gs.US,s3.us-east-1,ncbi.public",SRX7178691,Illumina HiSeq 2500,cell_S56,L1185-1_Cell56_PFU650_high_S56,PAIRED,PolyA,TRANSCRIPTOMIC SINGLE CELL,Canis lupus,ILLUMINA,2020-12-19T00:00:00Z,2019-11-19T10:21:00Z,1,L1185-1_Cell56_PFU650_high_S56,not applicable,SRP230490,single cells - kidney cell line,in vitro,A/Puerto Rico/8/34/Mount Sinai,H1N1
SRR10489522,not applicable,RNA-Seq,100,63919600,PRJNA590388,SAMN13326374,Model organism or animal,33981800,MDCK,MPIMG,public,"fastq,run.zq,sra","s3,gs,ncbi","s3.us-east-1,gs.US,ncbi.public",SRX7178690,Illumina HiSeq 2500,cell_S55,L1185-1_Cell55_PFU890_high_S55,PAIRED,PolyA,TRANSCRIPTOMIC SINGLE CELL,Canis lupus,ILLUMINA,2020-12-19T00:00:00Z,2019-11-19T10:22:00Z,1,L1185-1_Cell55_PFU890_high_S55,not applicable,SRP230490,single cells - kidney cell line,in vitro,A/Puerto Rico/8/34/Mount Sinai,H1N1
SRR10489523,not applicable,RNA-Seq,100,20017700,PRJNA590388,SAMN13326329,Model organism or animal,10452302,MDCK,MPIMG,public,"fastq,sra,run.zq","ncbi,gs,s3","s3.us-east-1,ncbi.public,gs.US",SRX7178689,Illumina HiSeq 2500,cell_S14,L1185-1_Cell14_PFU1_low_S14,PAIRED,PolyA,TRANSCRIPTOMIC SINGLE CELL,Canis lupus,ILLUMINA,2020-12-19T00:00:00Z,2019-11-19T10:22:00Z,1,L1185-1_Cell14_PFU1_low_S14,not applicable,SRP230490,single cells - kidney cell line,in vitro,A/Puerto Rico/8/34/Mount Sinai,H1N1
SRR10489524,not applicable,RNA-Seq,100,11633500,PRJNA590388,SAMN13326373,Model organism or animal,6142763,MDCK,MPIMG,public,"fastq,run.zq,sra","s3,gs,ncbi","ncbi.public,gs.US,s3.us-east-1",SRX7178688,Illumina HiSeq 2500,cell_S54,L1185-1_Cell54_PFU17_low_S54,PAIRED,PolyA,TRANSCRIPTOMIC SINGLE CELL,Canis lupus,ILLUMINA,2020-12-19T00:00:00Z,2019-11-19T10:22:00Z,1,L1185-1_Cell54_PFU17_low_S54,not applicable,SRP230490,single cells - kidney cell line,in vitro,A/Puerto Rico/8/34/Mount Sinai,H1N1
SRR10489525,not applicable,RNA-Seq,100,15905900,PRJNA590388,SAMN13326372,Model organism or animal,8875023,MDCK,MPIMG,public,"run.zq,fastq,sra","s3,gs,ncbi","gs.US,ncbi.public,s3.us-east-1",SRX7178687,Illumina HiSeq 2500,cell_S53,L1185-1_Cell53_PFU460_high_S53,PAIRED,PolyA,TRANSCRIPTOMIC SINGLE CELL,Canis lupus,ILLUMINA,2020-12-19T00:00:00Z,2019-11-19T10:22:00Z,1,L1185-1_Cell53_PFU460_high_S53,not applicable,SRP230490,single cells - kidney cell line,in vitro,A/Puerto Rico/8/34/Mount Sinai,H1N1
SRR10489526,not applicable,RNA-Seq,100,7595200,PRJNA590388,SAMN13326371,Model organism or animal,4246766,MDCK,MPIMG,public,"sra,run.zq,fastq","ncbi,s3,gs","ncbi.public,s3.us-east-1,gs.US",SRX7178686,Illumina HiSeq 2500,cell_S52,L1185-1_Cell52_PFU3_low_S52,PAIRED,PolyA,TRANSCRIPTOMIC SINGLE CELL,Canis lupus,ILLUMINA,2020-12-19T00:00:00Z,2019-11-19T10:22:00Z,1,L1185-1_Cell52_PFU3_low_S52,not applicable,SRP230490,single cells - kidney cell line,in vitro,A/Puerto Rico/8/34/Mount Sinai,H1N1
SRR10489527,not applicable,RNA-Seq,100,7517500,PRJNA590388,SAMN13326370,Model organism or animal,3881511,MDCK,MPIMG,public,"fastq,sra,run.zq","ncbi,gs,s3","ncbi.public,s3.us-east-1,gs.US",SRX7178685,Illumina HiSeq 2500,cell_S51,L1185-1_Cell51_PFU430_high_S51,PAIRED,PolyA,TRANSCRIPTOMIC SINGLE CELL,Canis lupus,ILLUMINA,2020-12-19T00:00:00Z,2019-11-19T10:22:00Z,1,L1185-1_Cell51_PFU430_high_S51,not applicable,SRP230490,single cells - kidney cell line,in vitro,A/Puerto Rico/8/34/Mount Sinai,H1N1
SRR10489528,not applicable,RNA-Seq,100,5519100,PRJNA590388,SAMN13326369,Model organism or animal,2916966,MDCK,MPIMG,public,"run.zq,sra,fastq","gs,s3,ncbi","gs.US,ncbi.public,s3.us-east-1",SRX7178684,Illumina HiSeq 2500,cell_S50,L1185-1_Cell50_PFU40_low_S50,PAIRED,PolyA,TRANSCRIPTOMIC SINGLE CELL,Canis lupus,ILLUMINA,2020-12-19T00:00:00Z,2019-11-19T10:22:00Z,1,L1185-1_Cell50_PFU40_low_S50,not applicable,SRP230490,single cells - kidney cell line,in vitro,A/Puerto Rico/8/34/Mount Sinai,H1N1
SRR10489529,not applicable,RNA-Seq,100,5731000,PRJNA590388,SAMN13326368,Model organism or animal,3219906,MDCK,MPIMG,public,"fastq,sra,run.zq","gs,ncbi,s3","s3.us-east-1,ncbi.public,gs.US",SRX7178683,Illumina HiSeq 2500,cell_S5,L1185-1_Cell5_PFU21_low_S5,PAIRED,PolyA,TRANSCRIPTOMIC SINGLE CELL,Canis lupus,ILLUMINA,2020-12-19T00:00:00Z,2019-11-19T10:22:00Z,1,L1185-1_Cell5_PFU21_low_S5,not applicable,SRP230490,single cells - kidney cell line,in vitro,A/Puerto Rico/8/34/Mount Sinai,H1N1
SRR10489530,not applicable,RNA-Seq,100,22062000,PRJNA590388,SAMN13326367,Model organism or animal,12224507,MDCK,MPIMG,public,"run.zq,sra,fastq","ncbi,s3,gs","gs.US,ncbi.public,s3.us-east-1",SRX7178682,Illumina HiSeq 2500,cell_S49,L1185-1_Cell49_PFU420_high_S49,PAIRED,PolyA,TRANSCRIPTOMIC SINGLE CELL,Canis lupus,ILLUMINA,2020-12-19T00:00:00Z,2019-11-19T10:22:00Z,1,L1185-1_Cell49_PFU420_high_S49,not applicable,SRP230490,single cells - kidney cell line,in vitro,A/Puerto Rico/8/34/Mount Sinai,H1N1
SRR10489531,not applicable,RNA-Seq,100,34349600,PRJNA590388,SAMN13326366,Model organism or animal,17201562,MDCK,MPIMG,public,"sra,fastq,run.zq","s3,gs,ncbi","ncbi.public,s3.us-east-1,gs.US",SRX7178681,Illumina HiSeq 2500,cell_S48,L1185-1_Cell48_PFU350_high_S48,PAIRED,PolyA,TRANSCRIPTOMIC SINGLE CELL,Canis lupus,ILLUMINA,2020-12-19T00:00:00Z,2019-11-19T10:22:00Z,1,L1185-1_Cell48_PFU350_high_S48,not applicable,SRP230490,single cells - kidney cell line,in vitro,A/Puerto Rico/8/34/Mount Sinai,H1N1
SRR10489532,not applicable,RNA-Seq,100,3171500,PRJNA590388,SAMN13326365,Model organism or animal,1756611,MDCK,MPIMG,public,"fastq,sra,run.zq","ncbi,gs,s3","gs.US,s3.us-east-1,ncbi.public",SRX7178680,Illumina HiSeq 2500,cell_S47,L1185-1_Cell47_PFU28_low_S47,PAIRED,PolyA,TRANSCRIPTOMIC SINGLE CELL,Canis lupus,ILLUMINA,2020-12-19T00:00:00Z,2019-11-19T10:22:00Z,1,L1185-1_Cell47_PFU28_low_S47,not applicable,SRP230490,single cells - kidney cell line,in vitro,A/Puerto Rico/8/34/Mount Sinai,H1N1
SRR10489533,not applicable,RNA-Seq,100,5158400,PRJNA590388,SAMN13326364,Model organism or animal,2752609,MDCK,MPIMG,public,"run.zq,fastq,sra","s3,ncbi,gs","ncbi.public,s3.us-east-1,gs.US",SRX7178679,Illumina HiSeq 2500,cell_S46,L1185-1_Cell46_PFU29_low_S46,PAIRED,PolyA,TRANSCRIPTOMIC SINGLE CELL,Canis lupus,ILLUMINA,2020-12-19T00:00:00Z,2019-11-19T10:22:00Z,1,L1185-1_Cell46_PFU29_low_S46,not applicable,SRP230490,single cells - kidney cell line,in vitro,A/Puerto Rico/8/34/Mount Sinai,H1N1
SRR10489534,not applicable,RNA-Seq,100,41283700,PRJNA590388,SAMN13326328,Model organism or animal,22436826,MDCK,MPIMG,public,"run.zq,fastq,sra","s3,gs,ncbi","s3.us-east-1,ncbi.public,gs.US",SRX7178678,Illumina HiSeq 2500,cell_S13,L1185-1_Cell13_PFU22_low_S13,PAIRED,PolyA,TRANSCRIPTOMIC SINGLE CELL,Canis lupus,ILLUMINA,2020-12-19T00:00:00Z,2019-11-19T10:22:00Z,1,L1185-1_Cell13_PFU22_low_S13,not applicable,SRP230490,single cells - kidney cell line,in vitro,A/Puerto Rico/8/34/Mount Sinai,H1N1
SRR10489535,not applicable,RNA-Seq,100,8697900,PRJNA590388,SAMN13326363,Model organism or animal,4765050,MDCK,MPIMG,public,"run.zq,fastq,sra","s3,ncbi,gs","gs.US,s3.us-east-1,ncbi.public",SRX7178677,Illumina HiSeq 2500,cell_S45,L1185-1_Cell45_PFU11_low_S45,PAIRED,PolyA,TRANSCRIPTOMIC SINGLE CELL,Canis lupus,ILLUMINA,2020-12-19T00:00:00Z,2019-11-19T10:22:00Z,1,L1185-1_Cell45_PFU11_low_S45,not applicable,SRP230490,single cells - kidney cell line,in vitro,A/Puerto Rico/8/34/Mount Sinai,H1N1
SRR10489536,not applicable,RNA-Seq,100,3109600,PRJNA590388,SAMN13326362,Model organism or animal,1813077,MDCK,MPIMG,public,"run.zq,sra,fastq","s3,gs,ncbi","ncbi.public,gs.US,s3.us-east-1",SRX7178676,Illumina HiSeq 2500,cell_S44,L1185-1_Cell44_PFU510_high_S44,PAIRED,PolyA,TRANSCRIPTOMIC SINGLE CELL,Canis lupus,ILLUMINA,2020-12-19T00:00:00Z,2019-11-19T10:22:00Z,1,L1185-1_Cell44_PFU510_high_S44,not applicable,SRP230490,single cells - kidney cell line,in vitro,A/Puerto Rico/8/34/Mount Sinai,H1N1
SRR10489537,not applicable,RNA-Seq,100,3304100,PRJNA590388,SAMN13326361,Model organism or animal,1765619,MDCK,MPIMG,public,"fastq,sra,run.zq","s3,gs,ncbi","ncbi.public,gs.US,s3.us-east-1",SRX7178675,Illumina HiSeq 2500,cell_S43,L1185-1_Cell43_PFU11_low_S43,PAIRED,PolyA,TRANSCRIPTOMIC SINGLE CELL,Canis lupus,ILLUMINA,2020-12-19T00:00:00Z,2019-11-19T10:22:00Z,1,L1185-1_Cell43_PFU11_low_S43,not applicable,SRP230490,single cells - kidney cell line,in vitro,A/Puerto Rico/8/34/Mount Sinai,H1N1
SRR10489538,not applicable,RNA-Seq,100,1400500,PRJNA590388,SAMN13326360,Model organism or animal,774234,MDCK,MPIMG,public,"sra,fastq,run.zq","gs,s3,ncbi","gs.US,ncbi.public,s3.us-east-1",SRX7178674,Illumina HiSeq 2500,cell_S42,L1185-1_Cell42_PFU19_low_S42,PAIRED,PolyA,TRANSCRIPTOMIC SINGLE CELL,Canis lupus,ILLUMINA,2020-12-19T00:00:00Z,2019-11-19T10:22:00Z,1,L1185-1_Cell42_PFU19_low_S42,not applicable,SRP230490,single cells - kidney cell line,in vitro,A/Puerto Rico/8/34/Mount Sinai,H1N1
SRR10489539,not applicable,RNA-Seq,100,3245900,PRJNA590388,SAMN13326359,Model organism or animal,1861178,MDCK,MPIMG,public,"run.zq,sra,fastq","ncbi,s3,gs","gs.US,ncbi.public,s3.us-east-1",SRX7178673,Illumina HiSeq 2500,cell_S41,L1185-1_Cell41_PFU6_low_S41,PAIRED,PolyA,TRANSCRIPTOMIC SINGLE CELL,Canis lupus,ILLUMINA,2020-12-19T00:00:00Z,2019-11-19T10:22:00Z,1,L1185-1_Cell41_PFU6_low_S41,not applicable,SRP230490,single cells - kidney cell line,in vitro,A/Puerto Rico/8/34/Mount Sinai,H1N1
SRR10489540,not applicable,RNA-Seq,100,2868900,PRJNA590388,SAMN13326358,Model organism or animal,1600791,MDCK,MPIMG,public,"fastq,sra,run.zq","s3,gs,ncbi","gs.US,ncbi.public,s3.us-east-1",SRX7178672,Illumina HiSeq 2500,cell_S40,L1185-1_Cell40_PFU16_low_S40,PAIRED,PolyA,TRANSCRIPTOMIC SINGLE CELL,Canis lupus,ILLUMINA,2020-12-19T00:00:00Z,2019-11-19T10:22:00Z,1,L1185-1_Cell40_PFU16_low_S40,not applicable,SRP230490,single cells - kidney cell line,in vitro,A/Puerto Rico/8/34/Mount Sinai,H1N1
SRR10489541,not applicable,RNA-Seq,100,3273100,PRJNA590388,SAMN13326357,Model organism or animal,1854749,MDCK,MPIMG,public,"fastq,sra,run.zq","ncbi,gs,s3","gs.US,ncbi.public,s3.us-east-1",SRX7178671,Illumina HiSeq 2500,cell_S4,L1185-1_Cell4_PFU400_high_S4,PAIRED,PolyA,TRANSCRIPTOMIC SINGLE CELL,Canis lupus,ILLUMINA,2020-12-19T00:00:00Z,2019-11-19T10:22:00Z,1,L1185-1_Cell4_PFU400_high_S4,not applicable,SRP230490,single cells - kidney cell line,in vitro,A/Puerto Rico/8/34/Mount Sinai,H1N1
SRR10489542,not applicable,RNA-Seq,100,5775800,PRJNA590388,SAMN13326356,Model organism or animal,3221507,MDCK,MPIMG,public,"sra,run.zq,fastq","ncbi,s3,gs","s3.us-east-1,gs.US,ncbi.public",SRX7178670,Illumina HiSeq 2500,cell_S39,L1185-1_Cell39_PFU4_low_S39,PAIRED,PolyA,TRANSCRIPTOMIC SINGLE CELL,Canis lupus,ILLUMINA,2020-12-19T00:00:00Z,2019-11-19T10:22:00Z,1,L1185-1_Cell39_PFU4_low_S39,not applicable,SRP230490,single cells - kidney cell line,in vitro,A/Puerto Rico/8/34/Mount Sinai,H1N1
SRR10489543,not applicable,RNA-Seq,100,2112800,PRJNA590388,SAMN13326355,Model organism or animal,1206398,MDCK,MPIMG,public,"run.zq,fastq,sra","s3,ncbi,gs","gs.US,s3.us-east-1,ncbi.public",SRX7178669,Illumina HiSeq 2500,cell_S38,L1185-1_Cell38_PFU370_high_S38,PAIRED,PolyA,TRANSCRIPTOMIC SINGLE CELL,Canis lupus,ILLUMINA,2020-12-19T00:00:00Z,2019-11-19T10:22:00Z,1,L1185-1_Cell38_PFU370_high_S38,not applicable,SRP230490,single cells - kidney cell line,in vitro,A/Puerto Rico/8/34/Mount Sinai,H1N1
SRR10489544,not applicable,RNA-Seq,100,2558000,PRJNA590388,SAMN13326354,Model organism or animal,1528097,MDCK,MPIMG,public,"sra,fastq,run.zq","s3,ncbi,gs","gs.US,s3.us-east-1,ncbi.public",SRX7178668,Illumina HiSeq 2500,cell_S37,L1185-1_Cell37_PFU12_low_S37,PAIRED,PolyA,TRANSCRIPTOMIC SINGLE CELL,Canis lupus,ILLUMINA,2020-12-19T00:00:00Z,2019-11-19T10:22:00Z,1,L1185-1_Cell37_PFU12_low_S37,not applicable,SRP230490,single cells - kidney cell line,in vitro,A/Puerto Rico/8/34/Mount Sinai,H1N1
SRR10489545,not applicable,RNA-Seq,100,24009400,PRJNA590388,SAMN13326327,Model organism or animal,13334195,MDCK,MPIMG,public,"fastq,run.zq,sra","gs,s3,ncbi","gs.US,ncbi.public,s3.us-east-1",SRX7178667,Illumina HiSeq 2500,cell_S12,L1185-1_Cell12_PFU31_low_S12,PAIRED,PolyA,TRANSCRIPTOMIC SINGLE CELL,Canis lupus,ILLUMINA,2020-12-19T00:00:00Z,2019-11-19T10:22:00Z,1,L1185-1_Cell12_PFU31_low_S12,not applicable,SRP230490,single cells - kidney cell line,in vitro,A/Puerto Rico/8/34/Mount Sinai,H1N1
SRR10489546,not applicable,RNA-Seq,100,52018400,PRJNA590388,SAMN13326353,Model organism or animal,28077429,MDCK,MPIMG,public,"sra,run.zq,fastq","s3,gs,ncbi","gs.US,ncbi.public,s3.us-east-1",SRX7178666,Illumina HiSeq 2500,cell_S36,L1185-1_Cell36_PFU560_high_S36,PAIRED,PolyA,TRANSCRIPTOMIC SINGLE CELL,Canis lupus,ILLUMINA,2020-12-19T00:00:00Z,2019-11-19T10:22:00Z,1,L1185-1_Cell36_PFU560_high_S36,not applicable,SRP230490,single cells - kidney cell line,in vitro,A/Puerto Rico/8/34/Mount Sinai,H1N1
SRR10489547,not applicable,RNA-Seq,100,1326000,PRJNA590388,SAMN13326352,Model organism or animal,742500,MDCK,MPIMG,public,"sra,run.zq,fastq","ncbi,gs,s3","gs.US,ncbi.public,s3.us-east-1",SRX7178665,Illumina HiSeq 2500,cell_S35,L1185-1_Cell35_PFU14_low_S35,PAIRED,PolyA,TRANSCRIPTOMIC SINGLE CELL,Canis lupus,ILLUMINA,2020-12-19T00:00:00Z,2019-11-19T10:22:00Z,1,L1185-1_Cell35_PFU14_low_S35,not applicable,SRP230490,single cells - kidney cell line,in vitro,A/Puerto Rico/8/34/Mount Sinai,H1N1
SRR10489548,not applicable,RNA-Seq,100,8187700,PRJNA590388,SAMN13326351,Model organism or animal,4251917,MDCK,MPIMG,public,"fastq,sra,run.zq","s3,ncbi,gs","s3.us-east-1,gs.US,ncbi.public",SRX7178664,Illumina HiSeq 2500,cell_S34,L1185-1_Cell34_PFU810_high_S34,PAIRED,PolyA,TRANSCRIPTOMIC SINGLE CELL,Canis lupus,ILLUMINA,2020-12-19T00:00:00Z,2019-11-19T10:22:00Z,1,L1185-1_Cell34_PFU810_high_S34,not applicable,SRP230490,single cells - kidney cell line,in vitro,A/Puerto Rico/8/34/Mount Sinai,H1N1
SRR10489549,not applicable,RNA-Seq,100,3694600,PRJNA590388,SAMN13326350,Model organism or animal,2036778,MDCK,MPIMG,public,"sra,run.zq,fastq","ncbi,gs,s3","ncbi.public,gs.US,s3.us-east-1",SRX7178663,Illumina HiSeq 2500,cell_S33,L1185-1_Cell33_PFU9_low_S33,PAIRED,PolyA,TRANSCRIPTOMIC SINGLE CELL,Canis lupus,ILLUMINA,2020-12-19T00:00:00Z,2019-11-19T10:22:00Z,1,L1185-1_Cell33_PFU9_low_S33,not applicable,SRP230490,single cells - kidney cell line,in vitro,A/Puerto Rico/8/34/Mount Sinai,H1N1
SRR10489550,not applicable,RNA-Seq,100,2034000,PRJNA590388,SAMN13326349,Model organism or animal,1082458,MDCK,MPIMG,public,"fastq,run.zq,sra","s3,gs,ncbi","s3.us-east-1,gs.US,ncbi.public",SRX7178662,Illumina HiSeq 2500,cell_S32,L1185-1_Cell32_PFU26_low_S32,PAIRED,PolyA,TRANSCRIPTOMIC SINGLE CELL,Canis lupus,ILLUMINA,2020-12-19T00:00:00Z,2019-11-19T10:22:00Z,1,L1185-1_Cell32_PFU26_low_S32,not applicable,SRP230490,single cells - kidney cell line,in vitro,A/Puerto Rico/8/34/Mount Sinai,H1N1
SRR10489551,not applicable,RNA-Seq,100,845600,PRJNA590388,SAMN13326348,Model organism or animal,586904,MDCK,MPIMG,public,"fastq,sra,run.zq","s3,gs,ncbi","s3.us-east-1,gs.US,ncbi.public",SRX7178661,Illumina HiSeq 2500,cell_S31,L1185-1_Cell31_PFU400_high_S31,PAIRED,PolyA,TRANSCRIPTOMIC SINGLE CELL,Canis lupus,ILLUMINA,2020-12-19T00:00:00Z,2019-11-19T10:22:00Z,1,L1185-1_Cell31_PFU400_high_S31,not applicable,SRP230490,single cells - kidney cell line,in vitro,A/Puerto Rico/8/34/Mount Sinai,H1N1
SRR10489552,not applicable,RNA-Seq,100,3930300,PRJNA590388,SAMN13326347,Model organism or animal,2091769,MDCK,MPIMG,public,"fastq,run.zq,sra","s3,ncbi,gs","s3.us-east-1,ncbi.public,gs.US",SRX7178660,Illumina HiSeq 2500,cell_S30,L1185-1_Cell30_PFU34_low_S30,PAIRED,PolyA,TRANSCRIPTOMIC SINGLE CELL,Canis lupus,ILLUMINA,2020-12-19T00:00:00Z,2019-11-19T10:22:00Z,1,L1185-1_Cell30_PFU34_low_S30,not applicable,SRP230490,single cells - kidney cell line,in vitro,A/Puerto Rico/8/34/Mount Sinai,H1N1
SRR10489553,not applicable,RNA-Seq,100,6759800,PRJNA590388,SAMN13326346,Model organism or animal,3468079,MDCK,MPIMG,public,"sra,fastq,run.zq","s3,ncbi,gs","s3.us-east-1,ncbi.public,gs.US",SRX7178659,Illumina HiSeq 2500,cell_S3,L1185-1_Cell3_PFU24_low_S3,PAIRED,PolyA,TRANSCRIPTOMIC SINGLE CELL,Canis lupus,ILLUMINA,2020-12-19T00:00:00Z,2019-11-19T10:22:00Z,1,L1185-1_Cell3_PFU24_low_S3,not applicable,SRP230490,single cells - kidney cell line,in vitro,A/Puerto Rico/8/34/Mount Sinai,H1N1
SRR10489554,not applicable,RNA-Seq,100,5720400,PRJNA590388,SAMN13326345,Model organism or animal,3306214,MDCK,MPIMG,public,"fastq,sra,run.zq","s3,ncbi,gs","s3.us-east-1,ncbi.public,gs.US",SRX7178658,Illumina HiSeq 2500,cell_S29,L1185-1_Cell29_PFU20_low_S29,PAIRED,PolyA,TRANSCRIPTOMIC SINGLE CELL,Canis lupus,ILLUMINA,2020-12-19T00:00:00Z,2019-11-19T10:22:00Z,1,L1185-1_Cell29_PFU20_low_S29,not applicable,SRP230490,single cells - kidney cell line,in vitro,A/Puerto Rico/8/34/Mount Sinai,H1N1
SRR10489555,not applicable,RNA-Seq,100,5983200,PRJNA590388,SAMN13326344,Model organism or animal,3420899,MDCK,MPIMG,public,"run.zq,fastq,sra","s3,gs,ncbi","gs.US,ncbi.public,s3.us-east-1",SRX7178657,Illumina HiSeq 2500,cell_S28,L1185-1_Cell28_PFU2_low_S28,PAIRED,PolyA,TRANSCRIPTOMIC SINGLE CELL,Canis lupus,ILLUMINA,2020-12-19T00:00:00Z,2019-11-19T10:22:00Z,1,L1185-1_Cell28_PFU2_low_S28,not applicable,SRP230490,single cells - kidney cell line,in vitro,A/Puerto Rico/8/34/Mount Sinai,H1N1
SRR10489556,not applicable,RNA-Seq,100,13525300,PRJNA590388,SAMN13326326,Model organism or animal,6836848,MDCK,MPIMG,public,"fastq,run.zq,sra","ncbi,s3,gs","ncbi.public,s3.us-east-1,gs.US",SRX7178656,Illumina HiSeq 2500,cell_S11,L1185-1_Cell11_PFU24_low_S11,PAIRED,PolyA,TRANSCRIPTOMIC SINGLE CELL,Canis lupus,ILLUMINA,2020-12-19T00:00:00Z,2019-11-19T10:22:00Z,1,L1185-1_Cell11_PFU24_low_S11,not applicable,SRP230490,single cells - kidney cell line,in vitro,A/Puerto Rico/8/34/Mount Sinai,H1N1
SRR10489557,not applicable,RNA-Seq,100,10314200,PRJNA590388,SAMN13326343,Model organism or animal,5267613,MDCK,MPIMG,public,"fastq,run.zq,sra","gs,ncbi,s3","s3.us-east-1,gs.US,ncbi.public",SRX7178655,Illumina HiSeq 2500,cell_S27,L1185-1_Cell27_PFU37_low_S27,PAIRED,PolyA,TRANSCRIPTOMIC SINGLE CELL,Canis lupus,ILLUMINA,2020-12-19T00:00:00Z,2019-11-19T10:22:00Z,1,L1185-1_Cell27_PFU37_low_S27,not applicable,SRP230490,single cells - kidney cell line,in vitro,A/Puerto Rico/8/34/Mount Sinai,H1N1
SRR10489558,not applicable,RNA-Seq,100,4891000,PRJNA590388,SAMN13326342,Model organism or animal,2622365,MDCK,MPIMG,public,"sra,fastq,run.zq","s3,gs,ncbi","s3.us-east-1,gs.US,ncbi.public",SRX7178654,Illumina HiSeq 2500,cell_S26,L1185-1_Cell26_PFU430_high_S26,PAIRED,PolyA,TRANSCRIPTOMIC SINGLE CELL,Canis lupus,ILLUMINA,2020-12-19T00:00:00Z,2019-11-19T10:22:00Z,1,L1185-1_Cell26_PFU430_high_S26,not applicable,SRP230490,single cells - kidney cell line,in vitro,A/Puerto Rico/8/34/Mount Sinai,H1N1
SRR10489559,not applicable,RNA-Seq,100,106700,PRJNA590388,SAMN13326341,Model organism or animal,140100,MDCK,MPIMG,public,"run.zq,fastq,sra","ncbi,s3,gs","gs.US,s3.us-east-1,ncbi.public",SRX7178653,Illumina HiSeq 2500,cell_S25,L1185-1_Cell25_PFU360_high_S25,PAIRED,PolyA,TRANSCRIPTOMIC SINGLE CELL,Canis lupus,ILLUMINA,2020-12-19T00:00:00Z,2019-11-19T10:22:00Z,1,L1185-1_Cell25_PFU360_high_S25,not applicable,SRP230490,single cells - kidney cell line,in vitro,A/Puerto Rico/8/34/Mount Sinai,H1N1
SRR10489560,not applicable,RNA-Seq,100,8400,PRJNA590388,SAMN13326340,Model organism or animal,37336,MDCK,MPIMG,public,"fastq,sra,run.zq","ncbi,gs,s3","s3.us-east-1,ncbi.public,gs.US",SRX7178652,Illumina HiSeq 2500,cell_S24,L1185-1_Cell24_PFU550_high_S24,PAIRED,PolyA,TRANSCRIPTOMIC SINGLE CELL,Canis lupus,ILLUMINA,2020-12-19T00:00:00Z,2019-11-19T10:22:00Z,1,L1185-1_Cell24_PFU550_high_S24,not applicable,SRP230490,single cells - kidney cell line,in vitro,A/Puerto Rico/8/34/Mount Sinai,H1N1
SRR10489561,not applicable,RNA-Seq,100,14724000,PRJNA590388,SAMN13326339,Model organism or animal,8148502,MDCK,MPIMG,public,"sra,fastq,run.zq","s3,gs,ncbi","gs.US,ncbi.public,s3.us-east-1",SRX7178651,Illumina HiSeq 2500,cell_S23,L1185-1_Cell23_PFU31_low_S23,PAIRED,PolyA,TRANSCRIPTOMIC SINGLE CELL,Canis lupus,ILLUMINA,2020-12-19T00:00:00Z,2019-11-19T10:22:00Z,1,L1185-1_Cell23_PFU31_low_S23,not applicable,SRP230490,single cells - kidney cell line,in vitro,A/Puerto Rico/8/34/Mount Sinai,H1N1
SRR10489562,not applicable,RNA-Seq,100,2552600,PRJNA590388,SAMN13326338,Model organism or animal,1374446,MDCK,MPIMG,public,"sra,fastq,run.zq","ncbi,s3,gs","s3.us-east-1,ncbi.public,gs.US",SRX7178650,Illumina HiSeq 2500,cell_S22,L1185-1_Cell22_PFU14_low_S22,PAIRED,PolyA,TRANSCRIPTOMIC SINGLE CELL,Canis lupus,ILLUMINA,2020-12-19T00:00:00Z,2019-11-19T10:22:00Z,1,L1185-1_Cell22_PFU14_low_S22,not applicable,SRP230490,single cells - kidney cell line,in vitro,A/Puerto Rico/8/34/Mount Sinai,H1N1
SRR10489563,not applicable,RNA-Seq,100,37878700,PRJNA590388,SAMN13326337,Model organism or animal,21180581,MDCK,MPIMG,public,"sra,fastq,run.zq","gs,s3,ncbi","ncbi.public,s3.us-east-1,gs.US",SRX7178649,Illumina HiSeq 2500,cell_S21,L1185-1_Cell21_PFU450_high_S21,PAIRED,PolyA,TRANSCRIPTOMIC SINGLE CELL,Canis lupus,ILLUMINA,2020-12-19T00:00:00Z,2019-11-19T10:22:00Z,1,L1185-1_Cell21_PFU450_high_S21,not applicable,SRP230490,single cells - kidney cell line,in vitro,A/Puerto Rico/8/34/Mount Sinai,H1N1
SRR10489564,not applicable,RNA-Seq,100,3681800,PRJNA590388,SAMN13326336,Model organism or animal,2093893,MDCK,MPIMG,public,"sra,fastq,run.zq","ncbi,gs,s3","ncbi.public,s3.us-east-1,gs.US",SRX7178648,Illumina HiSeq 2500,cell_S20,L1185-1_Cell20_PFU14_low_S20,PAIRED,PolyA,TRANSCRIPTOMIC SINGLE CELL,Canis lupus,ILLUMINA,2020-12-19T00:00:00Z,2019-11-19T10:22:00Z,1,L1185-1_Cell20_PFU14_low_S20,not applicable,SRP230490,single cells - kidney cell line,in vitro,A/Puerto Rico/8/34/Mount Sinai,H1N1
SRR10489565,not applicable,RNA-Seq,100,8404200,PRJNA590388,SAMN13326335,Model organism or animal,4333349,MDCK,MPIMG,public,"sra,run.zq,fastq","s3,gs,ncbi","ncbi.public,s3.us-east-1,gs.US",SRX7178647,Illumina HiSeq 2500,cell_S2,L1185-1_Cell2_PFU960_high_S2,PAIRED,PolyA,TRANSCRIPTOMIC SINGLE CELL,Canis lupus,ILLUMINA,2020-12-19T00:00:00Z,2019-11-19T10:22:00Z,1,L1185-1_Cell2_PFU960_high_S2,not applicable,SRP230490,single cells - kidney cell line,in vitro,A/Puerto Rico/8/34/Mount Sinai,H1N1
SRR10489566,not applicable,RNA-Seq,100,5097600,PRJNA590388,SAMN13326334,Model organism or animal,2639607,MDCK,MPIMG,public,"sra,fastq,run.zq","s3,gs,ncbi","s3.us-east-1,ncbi.public,gs.US",SRX7178646,Illumina HiSeq 2500,cell_S19,L1185-1_Cell19_PFU28_low_S19,PAIRED,PolyA,TRANSCRIPTOMIC SINGLE CELL,Canis lupus,ILLUMINA,2020-12-19T00:00:00Z,2019-11-19T10:22:00Z,1,L1185-1_Cell19_PFU28_low_S19,not applicable,SRP230490,single cells - kidney cell line,in vitro,A/Puerto Rico/8/34/Mount Sinai,H1N1
SRR10489567,not applicable,RNA-Seq,100,1800,PRJNA590388,SAMN13326325,Model organism or animal,81992,MDCK,MPIMG,public,"run.zq,fastq,sra","ncbi,s3,gs","ncbi.public,s3.us-east-1,gs.US",SRX7178645,Illumina HiSeq 2500,cell_S1,L1185-1_Cell1_PFU510_high_S1,PAIRED,PolyA,TRANSCRIPTOMIC SINGLE CELL,Canis lupus,ILLUMINA,2020-12-19T00:00:00Z,2019-11-19T10:22:00Z,1,L1185-1_Cell1_PFU510_high_S1,not applicable,SRP230490,single cells - kidney cell line,in vitro,A/Puerto Rico/8/34/Mount Sinai,H1N1
SRR10489568,not applicable,RNA-Seq,100,21210600,PRJNA590388,SAMN13326324,Model organism or animal,10816232,MDCK,MPIMG,public,"fastq,sra,run.zq","gs,s3,ncbi","ncbi.public,s3.us-east-1,gs.US",SRX7178644,Illumina HiSeq 2500,cell_S10,L1185-1_Cell10_PFU4_low_S10,PAIRED,PolyA,TRANSCRIPTOMIC SINGLE CELL,Canis lupus,ILLUMINA,2020-12-19T00:00:00Z,2019-11-19T10:22:00Z,1,L1185-1_Cell10_PFU4_low_S10,not applicable,SRP230490,single cells - kidney cell line,in vitro,A/Puerto Rico/8/34/Mount Sinai,H1N1
SRR10530642,not applicable,AMPLICON,102,1480639752,PRJNA590388,SAMN13326424,Model organism or animal,705805670,MDCK,MPIMG,public,"sra,fastq,run.zq","s3,ncbi,gs","ncbi.public,s3.us-east-1,gs.US",SRX7214610,Illumina HiSeq 2500,H1N1preInfection,L10532_H1N1preInfection,PAIRED,PCR,VIRAL RNA,Canis lupus,ILLUMINA,2020-12-26T00:00:00Z,2019-11-26T06:06:00Z,1,L10532_H1N1preInfection,not applicable,SRP230490,bulk - kidney cell line,in vitro,A/Puerto Rico/8/34/Mount Sinai,H1N1
SRR10530643,not applicable,AMPLICON,102,1869051672,PRJNA590388,SAMN13326423,Model organism or animal,891656757,MDCK,MPIMG,public,"fastq,run.zq,sra","s3,ncbi,gs","gs.US,s3.us-east-1,ncbi.public",SRX7214609,Illumina HiSeq 2500,H1N1postInfection,L10533_H1N1postInfection,PAIRED,PCR,VIRAL RNA,Canis lupus,ILLUMINA,2020-12-26T00:00:00Z,2019-11-26T06:06:00Z,1,L10533_H1N1postInfection,not applicable,SRP230490,bulk - kidney cell line,in vitro,A/Puerto Rico/8/34/Mount Sinai,H1N1
