Run,Assay Type,AvgSpotLen,Bases,BioProject,BioSample,Bytes,Center Name,Consent,Experiment,GEO_Accession (exp),Instrument,LibraryLayout,LibrarySelection,LibrarySource,mouse_strain,Organism,Platform,ReleaseDate,create_date,version,Sample Name,source_name,SRA Study,tissue,treatment,system type,strain,subtype
SRR16770099,RNA-Seq,202,6345794246,PRJNA777796,SAMN22882606,2768743812,GEO,public,SRX12970106,GSM5670771,NextSeq 500,PAIRED,cDNA,TRANSCRIPTOMIC,IFNAR-/-,Mus musculus,ILLUMINA,2023-05-15T00:00:00Z,2021-11-04T19:02:00Z,1,GSM5670771,Whole lungs of mock-infected IFNAR-/- mouse,SRP344536,Lung,Mock infection,in vivo mouse,A/Puerto Rico/34/8,H1N1
SRR16770100,RNA-Seq,202,6187892260,PRJNA777796,SAMN22882607,2733271710,GEO,public,SRX12970107,GSM5670772,NextSeq 500,PAIRED,cDNA,TRANSCRIPTOMIC,IFNAR-/-,Mus musculus,ILLUMINA,2023-05-15T00:00:00Z,2021-11-04T19:07:00Z,1,GSM5670772,Whole lungs of mock-infected IFNAR-/- mouse,SRP344536,Lung,Mock infection,in vivo mouse,A/Puerto Rico/34/8,H1N1
SRR16770101,RNA-Seq,202,6250532662,PRJNA777796,SAMN22882601,2733124335,GEO,public,SRX12970108,GSM5670773,NextSeq 500,PAIRED,cDNA,TRANSCRIPTOMIC,IFNAR-/-,Mus musculus,ILLUMINA,2023-05-15T00:00:00Z,2021-11-04T19:00:00Z,1,GSM5670773,Whole lungs of mock-infected IFNAR-/- mouse,SRP344536,Lung,Mock infection,in vivo mouse,A/Puerto Rico/34/8,H1N1
SRR16770102,RNA-Seq,202,5928294384,PRJNA777796,SAMN22882602,2589762929,GEO,public,SRX12970134,GSM5670774,NextSeq 500,PAIRED,cDNA,TRANSCRIPTOMIC,IFNAR-/-,Mus musculus,ILLUMINA,2023-05-15T00:00:00Z,2021-11-04T19:02:00Z,1,GSM5670774,Whole lungs of mock-infected IFNAR-/- mouse,SRP344536,Lung,Mock infection,in vivo mouse,A/Puerto Rico/34/8,H1N1
SRR16770103,RNA-Seq,202,6304252340,PRJNA777796,SAMN22882603,2809842793,GEO,public,SRX12970135,GSM5670775,NextSeq 500,PAIRED,cDNA,TRANSCRIPTOMIC,IFNAR-/-,Mus musculus,ILLUMINA,2023-05-15T00:00:00Z,2021-11-04T19:19:00Z,1,GSM5670775,Whole lungs of PR8-infected IFNAR-/- mouse,SRP344536,Lung,PR8-only infection,in vivo mouse,A/Puerto Rico/34/8,H1N1
SRR16770104,RNA-Seq,202,6426630404,PRJNA777796,SAMN22882604,2974956079,GEO,public,SRX12970136,GSM5670776,NextSeq 500,PAIRED,cDNA,TRANSCRIPTOMIC,IFNAR-/-,Mus musculus,ILLUMINA,2023-05-15T00:00:00Z,2021-11-04T19:06:00Z,1,GSM5670776,Whole lungs of PR8-infected IFNAR-/- mouse,SRP344536,Lung,PR8-only infection,in vivo mouse,A/Puerto Rico/34/8,H1N1
SRR16770105,RNA-Seq,202,4831337828,PRJNA777796,SAMN22882605,2194679533,GEO,public,SRX12970137,GSM5670777,NextSeq 500,PAIRED,cDNA,TRANSCRIPTOMIC,IFNAR-/-,Mus musculus,ILLUMINA,2023-05-15T00:00:00Z,2021-11-04T19:04:00Z,1,GSM5670777,Whole lungs of PR8-infected IFNAR-/- mouse,SRP344536,Lung,PR8-only infection,in vivo mouse,A/Puerto Rico/34/8,H1N1
SRR16770106,RNA-Seq,202,6370242306,PRJNA777796,SAMN22882608,2779263057,GEO,public,SRX12970138,GSM5670778,NextSeq 500,PAIRED,cDNA,TRANSCRIPTOMIC,IFNAR-/-,Mus musculus,ILLUMINA,2023-05-15T00:00:00Z,2021-11-04T19:49:00Z,1,GSM5670778,Whole lungs of PR8-infected IFNAR-/- mouse,SRP344536,Lung,PR8-only infection,in vivo mouse,A/Puerto Rico/34/8,H1N1
SRR16770107,RNA-Seq,202,6504589678,PRJNA777796,SAMN22882609,2836322135,GEO,public,SRX12970139,GSM5670779,NextSeq 500,PAIRED,cDNA,TRANSCRIPTOMIC,IFNAR-/-,Mus musculus,ILLUMINA,2023-05-15T00:00:00Z,2021-11-04T19:03:00Z,1,GSM5670779,Whole lungs of PR8-infected IFNAR-/- mouse,SRP344536,Lung,PR8-only infection,in vivo mouse,A/Puerto Rico/34/8,H1N1
SRR16770108,RNA-Seq,202,6666418948,PRJNA777796,SAMN22882610,2948508848,GEO,public,SRX12970140,GSM5670780,NextSeq 500,PAIRED,cDNA,TRANSCRIPTOMIC,IFNAR-/-,Mus musculus,ILLUMINA,2023-05-15T00:00:00Z,2021-11-04T19:02:00Z,1,GSM5670780,Whole lungs of DI222-treated IFNAR-/- mouse,SRP344536,Lung,DI222 co-treatment,in vivo mouse,A/Puerto Rico/34/8,H1N1
SRR16770109,RNA-Seq,202,6765672052,PRJNA777796,SAMN22882515,2957096114,GEO,public,SRX12970141,GSM5670781,NextSeq 500,PAIRED,cDNA,TRANSCRIPTOMIC,IFNAR-/-,Mus musculus,ILLUMINA,2023-05-15T00:00:00Z,2021-11-04T19:00:00Z,1,GSM5670781,Whole lungs of DI222-treated IFNAR-/- mouse,SRP344536,Lung,DI222 co-treatment,in vivo mouse,A/Puerto Rico/34/8,H1N1
SRR16770110,RNA-Seq,202,6356841424,PRJNA777796,SAMN22882516,2773930924,GEO,public,SRX12970142,GSM5670782,NextSeq 500,PAIRED,cDNA,TRANSCRIPTOMIC,IFNAR-/-,Mus musculus,ILLUMINA,2023-05-15T00:00:00Z,2021-11-04T19:04:00Z,1,GSM5670782,Whole lungs of DI222-treated IFNAR-/- mouse,SRP344536,Lung,DI222 co-treatment,in vivo mouse,A/Puerto Rico/34/8,H1N1
SRR16770111,RNA-Seq,202,6198846518,PRJNA777796,SAMN22882517,2716571778,GEO,public,SRX12970143,GSM5670783,NextSeq 500,PAIRED,cDNA,TRANSCRIPTOMIC,IFNAR-/-,Mus musculus,ILLUMINA,2023-05-15T00:00:00Z,2021-11-04T19:00:00Z,1,GSM5670783,Whole lungs of DI222-treated IFNAR-/- mouse,SRP344536,Lung,DI222 co-treatment,in vivo mouse,A/Puerto Rico/34/8,H1N1
SRR16770112,RNA-Seq,202,6059662660,PRJNA777796,SAMN22882518,2663010250,GEO,public,SRX12970144,GSM5670784,NextSeq 500,PAIRED,cDNA,TRANSCRIPTOMIC,IFNAR-/-,Mus musculus,ILLUMINA,2023-05-15T00:00:00Z,2021-11-04T19:06:00Z,1,GSM5670784,Whole lungs of DI222-treated IFNAR-/- mouse,SRP344536,Lung,DI222 co-treatment,in vivo mouse,A/Puerto Rico/34/8,H1N1
SRR16770113,RNA-Seq,202,6152975954,PRJNA777796,SAMN22882519,2701133395,GEO,public,SRX12970145,GSM5670785,NextSeq 500,PAIRED,cDNA,TRANSCRIPTOMIC,IFNLR-/-,Mus musculus,ILLUMINA,2023-05-15T00:00:00Z,2021-11-04T19:01:00Z,1,GSM5670785,Whole lungs of mock-infected IFNLR-/- mouse,SRP344536,Lung,Mock infection,in vivo mouse,A/Puerto Rico/34/8,H1N1
SRR16770114,RNA-Seq,202,6048741732,PRJNA777796,SAMN22882520,2650352098,GEO,public,SRX12970146,GSM5670786,NextSeq 500,PAIRED,cDNA,TRANSCRIPTOMIC,IFNLR-/-,Mus musculus,ILLUMINA,2023-05-15T00:00:00Z,2021-11-04T19:05:00Z,1,GSM5670786,Whole lungs of mock-infected IFNLR-/- mouse,SRP344536,Lung,Mock infection,in vivo mouse,A/Puerto Rico/34/8,H1N1
SRR16770115,RNA-Seq,202,3892451524,PRJNA777796,SAMN22882521,1706415307,GEO,public,SRX12970147,GSM5670787,NextSeq 500,PAIRED,cDNA,TRANSCRIPTOMIC,IFNLR-/-,Mus musculus,ILLUMINA,2023-05-15T00:00:00Z,2021-11-04T18:53:00Z,1,GSM5670787,Whole lungs of mock-infected IFNLR-/- mouse,SRP344536,Lung,Mock infection,in vivo mouse,A/Puerto Rico/34/8,H1N1
SRR16770116,RNA-Seq,202,5375926596,PRJNA777796,SAMN22882522,2433554812,GEO,public,SRX12970148,GSM5670788,NextSeq 500,PAIRED,cDNA,TRANSCRIPTOMIC,IFNLR-/-,Mus musculus,ILLUMINA,2023-05-15T00:00:00Z,2021-11-04T18:59:00Z,1,GSM5670788,Whole lungs of PR8-infected IFNLR-/- mouse,SRP344536,Lung,PR8-only infection,in vivo mouse,A/Puerto Rico/34/8,H1N1
SRR16770117,RNA-Seq,202,2999993910,PRJNA777796,SAMN22882523,1266459434,GEO,public,SRX12970149,GSM5670789,NextSeq 500,PAIRED,cDNA,TRANSCRIPTOMIC,IFNLR-/-,Mus musculus,ILLUMINA,2023-05-15T00:00:00Z,2021-11-04T19:04:00Z,1,GSM5670789,Whole lungs of PR8-infected IFNLR-/- mouse,SRP344536,Lung,PR8-only infection,in vivo mouse,A/Puerto Rico/34/8,H1N1
SRR16770118,RNA-Seq,202,3982792388,PRJNA777796,SAMN22882524,1673029046,GEO,public,SRX12970150,GSM5670790,NextSeq 500,PAIRED,cDNA,TRANSCRIPTOMIC,IFNLR-/-,Mus musculus,ILLUMINA,2023-05-15T00:00:00Z,2021-11-04T19:05:00Z,1,GSM5670790,Whole lungs of PR8-infected IFNLR-/- mouse,SRP344536,Lung,PR8-only infection,in vivo mouse,A/Puerto Rico/34/8,H1N1
SRR16770119,RNA-Seq,202,3722157848,PRJNA777796,SAMN22882525,1572499657,GEO,public,SRX12970151,GSM5670791,NextSeq 500,PAIRED,cDNA,TRANSCRIPTOMIC,IFNLR-/-,Mus musculus,ILLUMINA,2023-05-15T00:00:00Z,2021-11-04T18:59:00Z,1,GSM5670791,Whole lungs of PR8-infected IFNLR-/- mouse,SRP344536,Lung,PR8-only infection,in vivo mouse,A/Puerto Rico/34/8,H1N1
SRR16770120,RNA-Seq,202,3773593310,PRJNA777796,SAMN22882526,1605101424,GEO,public,SRX12970152,GSM5670792,NextSeq 500,PAIRED,cDNA,TRANSCRIPTOMIC,IFNLR-/-,Mus musculus,ILLUMINA,2023-05-15T00:00:00Z,2021-11-04T18:54:00Z,1,GSM5670792,Whole lungs of PR8-infected IFNLR-/- mouse,SRP344536,Lung,PR8-only infection,in vivo mouse,A/Puerto Rico/34/8,H1N1
SRR16770121,RNA-Seq,202,4455900022,PRJNA777796,SAMN22882527,1888031030,GEO,public,SRX12970153,GSM5670793,NextSeq 500,PAIRED,cDNA,TRANSCRIPTOMIC,IFNLR-/-,Mus musculus,ILLUMINA,2023-05-15T00:00:00Z,2021-11-04T18:57:00Z,1,GSM5670793,Whole lungs of PR8-infected IFNLR-/- mouse,SRP344536,Lung,PR8-only infection,in vivo mouse,A/Puerto Rico/34/8,H1N1
SRR16770122,RNA-Seq,202,4637001910,PRJNA777796,SAMN22882528,1981566116,GEO,public,SRX12970154,GSM5670794,NextSeq 500,PAIRED,cDNA,TRANSCRIPTOMIC,IFNLR-/-,Mus musculus,ILLUMINA,2023-05-15T00:00:00Z,2021-11-04T18:55:00Z,1,GSM5670794,Whole lungs of DI222-treated IFNLR-/- mouse,SRP344536,Lung,DI222 co-treatment,in vivo mouse,A/Puerto Rico/34/8,H1N1
SRR16770123,RNA-Seq,202,5999162448,PRJNA777796,SAMN22882529,2519951263,GEO,public,SRX12970155,GSM5670795,NextSeq 500,PAIRED,cDNA,TRANSCRIPTOMIC,IFNLR-/-,Mus musculus,ILLUMINA,2023-05-15T00:00:00Z,2021-11-04T19:14:00Z,1,GSM5670795,Whole lungs of DI222-treated IFNLR-/- mouse,SRP344536,Lung,DI222 co-treatment,in vivo mouse,A/Puerto Rico/34/8,H1N1
SRR16770124,RNA-Seq,202,6433793122,PRJNA777796,SAMN22882530,2721057589,GEO,public,SRX12970156,GSM5670796,NextSeq 500,PAIRED,cDNA,TRANSCRIPTOMIC,IFNLR-/-,Mus musculus,ILLUMINA,2023-05-15T00:00:00Z,2021-11-04T19:09:00Z,1,GSM5670796,Whole lungs of DI222-treated IFNLR-/- mouse,SRP344536,Lung,DI222 co-treatment,in vivo mouse,A/Puerto Rico/34/8,H1N1
SRR16770125,RNA-Seq,202,7768628110,PRJNA777796,SAMN22882537,3291529591,GEO,public,SRX12970157,GSM5670797,NextSeq 500,PAIRED,cDNA,TRANSCRIPTOMIC,IFNLR-/-,Mus musculus,ILLUMINA,2023-05-15T00:00:00Z,2021-11-04T19:05:00Z,1,GSM5670797,Whole lungs of DI222-treated IFNLR-/- mouse,SRP344536,Lung,DI222 co-treatment,in vivo mouse,A/Puerto Rico/34/8,H1N1
SRR16770126,RNA-Seq,202,6695564720,PRJNA777796,SAMN22882538,2848836713,GEO,public,SRX12970034,GSM5670798,NextSeq 500,PAIRED,cDNA,TRANSCRIPTOMIC,IFNAR-/- IFNLR-/-,Mus musculus,ILLUMINA,2023-05-15T00:00:00Z,2021-11-05T02:30:00Z,1,GSM5670798,Whole lungs of mock-infected IFNAR-/- IFNLR-/- mouse,SRP344536,Lung,Mock infection,in vivo mouse,A/Puerto Rico/34/8,H1N1
SRR16770127,RNA-Seq,202,6790727324,PRJNA777796,SAMN22882539,2870593678,GEO,public,SRX12970035,GSM5670799,NextSeq 500,PAIRED,cDNA,TRANSCRIPTOMIC,IFNAR-/- IFNLR-/-,Mus musculus,ILLUMINA,2023-05-15T00:00:00Z,2021-11-04T19:05:00Z,1,GSM5670799,Whole lungs of mock-infected IFNAR-/- IFNLR-/- mouse,SRP344536,Lung,Mock infection,in vivo mouse,A/Puerto Rico/34/8,H1N1
SRR16770128,RNA-Seq,202,6319098734,PRJNA777796,SAMN22882531,2686952895,GEO,public,SRX12970036,GSM5670800,NextSeq 500,PAIRED,cDNA,TRANSCRIPTOMIC,IFNAR-/- IFNLR-/-,Mus musculus,ILLUMINA,2023-05-15T00:00:00Z,2021-11-04T18:58:00Z,1,GSM5670800,Whole lungs of mock-infected IFNAR-/- IFNLR-/- mouse,SRP344536,Lung,Mock infection,in vivo mouse,A/Puerto Rico/34/8,H1N1
SRR16770129,RNA-Seq,202,5589256978,PRJNA777796,SAMN22882532,2369247764,GEO,public,SRX12970037,GSM5670801,NextSeq 500,PAIRED,cDNA,TRANSCRIPTOMIC,IFNAR-/- IFNLR-/-,Mus musculus,ILLUMINA,2023-05-15T00:00:00Z,2021-11-04T19:11:00Z,1,GSM5670801,Whole lungs of PR8-infected IFNAR-/- IFNLR-/- mouse,SRP344536,Lung,PR8-only infection,in vivo mouse,A/Puerto Rico/34/8,H1N1
SRR16770130,RNA-Seq,202,7179656912,PRJNA777796,SAMN22882533,3057541929,GEO,public,SRX12970038,GSM5670802,NextSeq 500,PAIRED,cDNA,TRANSCRIPTOMIC,IFNAR-/- IFNLR-/-,Mus musculus,ILLUMINA,2023-05-15T00:00:00Z,2021-11-04T19:21:00Z,1,GSM5670802,Whole lungs of PR8-infected IFNAR-/- IFNLR-/- mouse,SRP344536,Lung,PR8-only infection,in vivo mouse,A/Puerto Rico/34/8,H1N1
SRR16770131,RNA-Seq,202,5018032692,PRJNA777796,SAMN22882534,2124633209,GEO,public,SRX12970039,GSM5670803,NextSeq 500,PAIRED,cDNA,TRANSCRIPTOMIC,IFNAR-/- IFNLR-/-,Mus musculus,ILLUMINA,2023-05-15T00:00:00Z,2021-11-04T19:16:00Z,1,GSM5670803,Whole lungs of PR8-infected IFNAR-/- IFNLR-/- mouse,SRP344536,Lung,PR8-only infection,in vivo mouse,A/Puerto Rico/34/8,H1N1
SRR16770132,RNA-Seq,202,4744941620,PRJNA777796,SAMN22882535,2019546370,GEO,public,SRX12970040,GSM5670804,NextSeq 500,PAIRED,cDNA,TRANSCRIPTOMIC,IFNAR-/- IFNLR-/-,Mus musculus,ILLUMINA,2023-05-15T00:00:00Z,2021-11-04T19:01:00Z,1,GSM5670804,Whole lungs of DI222-treated IFNAR-/- IFNLR-/- mouse,SRP344536,Lung,DI222 co-treatment,in vivo mouse,A/Puerto Rico/34/8,H1N1
SRR16770133,RNA-Seq,202,4902489904,PRJNA777796,SAMN22882536,2091722899,GEO,public,SRX12970041,GSM5670805,NextSeq 500,PAIRED,cDNA,TRANSCRIPTOMIC,IFNAR-/- IFNLR-/-,Mus musculus,ILLUMINA,2023-05-15T00:00:00Z,2021-11-04T19:13:00Z,1,GSM5670805,Whole lungs of DI222-treated IFNAR-/- IFNLR-/- mouse,SRP344536,Lung,DI222 co-treatment,in vivo mouse,A/Puerto Rico/34/8,H1N1
SRR16770134,RNA-Seq,202,5363484406,PRJNA777796,SAMN22882540,2283630613,GEO,public,SRX12970042,GSM5670806,NextSeq 500,PAIRED,cDNA,TRANSCRIPTOMIC,IFNAR-/- IFNLR-/-,Mus musculus,ILLUMINA,2023-05-15T00:00:00Z,2021-11-04T18:58:00Z,1,GSM5670806,Whole lungs of DI222-treated IFNAR-/- IFNLR-/- mouse,SRP344536,Lung,DI222 co-treatment,in vivo mouse,A/Puerto Rico/34/8,H1N1
SRR16770135,miRNA-Seq,76,820123828,PRJNA777796,SAMN22882541,326445203,GEO,public,SRX12970043,GSM5670807,NextSeq 500,SINGLE,size fractionation,TRANSCRIPTOMIC,IFNAR-/-,Mus musculus,ILLUMINA,2023-05-15T00:00:00Z,2021-11-04T18:48:00Z,1,GSM5670807,Whole lungs of mock-infected IFNAR-/- mouse,SRP344536,Lung,Mock infection,in vivo mouse,A/Puerto Rico/34/8,H1N1
SRR16770136,miRNA-Seq,76,921637256,PRJNA777796,SAMN22882542,365596977,GEO,public,SRX12970044,GSM5670808,NextSeq 500,SINGLE,size fractionation,TRANSCRIPTOMIC,IFNAR-/-,Mus musculus,ILLUMINA,2023-05-15T00:00:00Z,2021-11-04T18:47:00Z,1,GSM5670808,Whole lungs of mock-infected IFNAR-/- mouse,SRP344536,Lung,Mock infection,in vivo mouse,A/Puerto Rico/34/8,H1N1
SRR16770137,miRNA-Seq,76,649207580,PRJNA777796,SAMN22882543,265175640,GEO,public,SRX12970045,GSM5670809,NextSeq 500,SINGLE,size fractionation,TRANSCRIPTOMIC,IFNAR-/-,Mus musculus,ILLUMINA,2023-05-15T00:00:00Z,2021-11-04T18:45:00Z,1,GSM5670809,Whole lungs of mock-infected IFNAR-/- mouse,SRP344536,Lung,Mock infection,in vivo mouse,A/Puerto Rico/34/8,H1N1
SRR16770138,miRNA-Seq,76,824160872,PRJNA777796,SAMN22882544,327137611,GEO,public,SRX12970046,GSM5670810,NextSeq 500,SINGLE,size fractionation,TRANSCRIPTOMIC,IFNAR-/-,Mus musculus,ILLUMINA,2023-05-15T00:00:00Z,2021-11-04T18:47:00Z,1,GSM5670810,Whole lungs of mock-infected IFNAR-/- mouse,SRP344536,Lung,Mock infection,in vivo mouse,A/Puerto Rico/34/8,H1N1
SRR16770139,miRNA-Seq,76,850325696,PRJNA777796,SAMN22882376,336945864,GEO,public,SRX12970047,GSM5670811,NextSeq 500,SINGLE,size fractionation,TRANSCRIPTOMIC,IFNAR-/-,Mus musculus,ILLUMINA,2023-05-15T00:00:00Z,2021-11-04T18:48:00Z,1,GSM5670811,Whole lungs of PR8-infected IFNAR-/- mouse,SRP344536,Lung,PR8-only infection,in vivo mouse,A/Puerto Rico/34/8,H1N1
SRR16770140,miRNA-Seq,76,789396040,PRJNA777796,SAMN22882377,314906593,GEO,public,SRX12970048,GSM5670812,NextSeq 500,SINGLE,size fractionation,TRANSCRIPTOMIC,IFNAR-/-,Mus musculus,ILLUMINA,2023-05-15T00:00:00Z,2021-11-04T18:46:00Z,1,GSM5670812,Whole lungs of PR8-infected IFNAR-/- mouse,SRP344536,Lung,PR8-only infection,in vivo mouse,A/Puerto Rico/34/8,H1N1
SRR16770141,miRNA-Seq,76,786715444,PRJNA777796,SAMN22882378,314512020,GEO,public,SRX12970049,GSM5670813,NextSeq 500,SINGLE,size fractionation,TRANSCRIPTOMIC,IFNAR-/-,Mus musculus,ILLUMINA,2023-05-15T00:00:00Z,2021-11-04T18:48:00Z,1,GSM5670813,Whole lungs of PR8-infected IFNAR-/- mouse,SRP344536,Lung,PR8-only infection,in vivo mouse,A/Puerto Rico/34/8,H1N1
SRR16770142,miRNA-Seq,76,784195512,PRJNA777796,SAMN22882379,311609993,GEO,public,SRX12970050,GSM5670814,NextSeq 500,SINGLE,size fractionation,TRANSCRIPTOMIC,IFNAR-/-,Mus musculus,ILLUMINA,2023-05-15T00:00:00Z,2021-11-04T18:46:00Z,1,GSM5670814,Whole lungs of PR8-infected IFNAR-/- mouse,SRP344536,Lung,PR8-only infection,in vivo mouse,A/Puerto Rico/34/8,H1N1
SRR16770143,miRNA-Seq,76,833558652,PRJNA777796,SAMN22882380,331374127,GEO,public,SRX12970051,GSM5670815,NextSeq 500,SINGLE,size fractionation,TRANSCRIPTOMIC,IFNAR-/-,Mus musculus,ILLUMINA,2023-05-15T00:00:00Z,2021-11-04T18:48:00Z,1,GSM5670815,Whole lungs of PR8-infected IFNAR-/- mouse,SRP344536,Lung,PR8-only infection,in vivo mouse,A/Puerto Rico/34/8,H1N1
SRR16770144,miRNA-Seq,76,820053756,PRJNA777796,SAMN22882381,325136289,GEO,public,SRX12970052,GSM5670816,NextSeq 500,SINGLE,size fractionation,TRANSCRIPTOMIC,IFNAR-/-,Mus musculus,ILLUMINA,2023-05-15T00:00:00Z,2021-11-04T18:46:00Z,1,GSM5670816,Whole lungs of DI222-treated IFNAR-/- mouse,SRP344536,Lung,DI222 co-treatment,in vivo mouse,A/Puerto Rico/34/8,H1N1
SRR16770145,miRNA-Seq,76,691429836,PRJNA777796,SAMN22882382,279419993,GEO,public,SRX12970053,GSM5670817,NextSeq 500,SINGLE,size fractionation,TRANSCRIPTOMIC,IFNAR-/-,Mus musculus,ILLUMINA,2023-05-15T00:00:00Z,2021-11-04T18:45:00Z,1,GSM5670817,Whole lungs of DI222-treated IFNAR-/- mouse,SRP344536,Lung,DI222 co-treatment,in vivo mouse,A/Puerto Rico/34/8,H1N1
SRR16770146,miRNA-Seq,76,888703492,PRJNA777796,SAMN22882383,353297357,GEO,public,SRX12970054,GSM5670818,NextSeq 500,SINGLE,size fractionation,TRANSCRIPTOMIC,IFNAR-/-,Mus musculus,ILLUMINA,2023-05-15T00:00:00Z,2021-11-04T18:46:00Z,1,GSM5670818,Whole lungs of DI222-treated IFNAR-/- mouse,SRP344536,Lung,DI222 co-treatment,in vivo mouse,A/Puerto Rico/34/8,H1N1
SRR16770147,miRNA-Seq,76,752067044,PRJNA777796,SAMN22882384,300559495,GEO,public,SRX12970055,GSM5670819,NextSeq 500,SINGLE,size fractionation,TRANSCRIPTOMIC,IFNAR-/-,Mus musculus,ILLUMINA,2023-05-15T00:00:00Z,2021-11-04T18:47:00Z,1,GSM5670819,Whole lungs of DI222-treated IFNAR-/- mouse,SRP344536,Lung,DI222 co-treatment,in vivo mouse,A/Puerto Rico/34/8,H1N1
SRR16770148,miRNA-Seq,76,821073828,PRJNA777796,SAMN22882385,326614596,GEO,public,SRX12970056,GSM5670820,NextSeq 500,SINGLE,size fractionation,TRANSCRIPTOMIC,IFNAR-/-,Mus musculus,ILLUMINA,2023-05-15T00:00:00Z,2021-11-04T18:45:00Z,1,GSM5670820,Whole lungs of DI222-treated IFNAR-/- mouse,SRP344536,Lung,DI222 co-treatment,in vivo mouse,A/Puerto Rico/34/8,H1N1
SRR16770149,miRNA-Seq,76,879903376,PRJNA777796,SAMN22882386,349104537,GEO,public,SRX12970057,GSM5670821,NextSeq 500,SINGLE,size fractionation,TRANSCRIPTOMIC,IFNLR-/-,Mus musculus,ILLUMINA,2023-05-15T00:00:00Z,2021-11-04T18:48:00Z,1,GSM5670821,Whole lungs of mock-infected IFNLR-/- mouse,SRP344536,Lung,Mock infection,in vivo mouse,A/Puerto Rico/34/8,H1N1
SRR16770150,miRNA-Seq,76,804948300,PRJNA777796,SAMN22882387,322585405,GEO,public,SRX12970058,GSM5670822,NextSeq 500,SINGLE,size fractionation,TRANSCRIPTOMIC,IFNLR-/-,Mus musculus,ILLUMINA,2023-05-15T00:00:00Z,2021-11-04T18:52:00Z,1,GSM5670822,Whole lungs of mock-infected IFNLR-/- mouse,SRP344536,Lung,Mock infection,in vivo mouse,A/Puerto Rico/34/8,H1N1
SRR16770151,miRNA-Seq,76,842099076,PRJNA777796,SAMN22882388,334671023,GEO,public,SRX12970059,GSM5670823,NextSeq 500,SINGLE,size fractionation,TRANSCRIPTOMIC,IFNLR-/-,Mus musculus,ILLUMINA,2023-05-15T00:00:00Z,2021-11-04T18:51:00Z,1,GSM5670823,Whole lungs of mock-infected IFNLR-/- mouse,SRP344536,Lung,Mock infection,in vivo mouse,A/Puerto Rico/34/8,H1N1
SRR16770152,miRNA-Seq,76,815250176,PRJNA777796,SAMN22882389,327315560,GEO,public,SRX12970060,GSM5670824,NextSeq 500,SINGLE,size fractionation,TRANSCRIPTOMIC,IFNLR-/-,Mus musculus,ILLUMINA,2023-05-15T00:00:00Z,2021-11-04T18:52:00Z,1,GSM5670824,Whole lungs of PR8-infected IFNLR-/- mouse,SRP344536,Lung,PR8-only infection,in vivo mouse,A/Puerto Rico/34/8,H1N1
SRR16770153,miRNA-Seq,76,787152824,PRJNA777796,SAMN22882390,314522663,GEO,public,SRX12970061,GSM5670825,NextSeq 500,SINGLE,size fractionation,TRANSCRIPTOMIC,IFNLR-/-,Mus musculus,ILLUMINA,2023-05-15T00:00:00Z,2021-11-04T18:47:00Z,1,GSM5670825,Whole lungs of PR8-infected IFNLR-/- mouse,SRP344536,Lung,PR8-only infection,in vivo mouse,A/Puerto Rico/34/8,H1N1
SRR16770154,miRNA-Seq,76,802008012,PRJNA777796,SAMN22882391,321627467,GEO,public,SRX12970062,GSM5670826,NextSeq 500,SINGLE,size fractionation,TRANSCRIPTOMIC,IFNLR-/-,Mus musculus,ILLUMINA,2023-05-15T00:00:00Z,2021-11-04T18:46:00Z,1,GSM5670826,Whole lungs of PR8-infected IFNLR-/- mouse,SRP344536,Lung,PR8-only infection,in vivo mouse,A/Puerto Rico/34/8,H1N1
SRR16770155,miRNA-Seq,76,794435524,PRJNA777796,SAMN22882392,316102791,GEO,public,SRX12970063,GSM5670827,NextSeq 500,SINGLE,size fractionation,TRANSCRIPTOMIC,IFNLR-/-,Mus musculus,ILLUMINA,2023-05-15T00:00:00Z,2021-11-04T18:48:00Z,1,GSM5670827,Whole lungs of PR8-infected IFNLR-/- mouse,SRP344536,Lung,PR8-only infection,in vivo mouse,A/Puerto Rico/34/8,H1N1
SRR16770156,miRNA-Seq,76,795827540,PRJNA777796,SAMN22882393,319007757,GEO,public,SRX12970064,GSM5670828,NextSeq 500,SINGLE,size fractionation,TRANSCRIPTOMIC,IFNLR-/-,Mus musculus,ILLUMINA,2023-05-15T00:00:00Z,2021-11-04T18:47:00Z,1,GSM5670828,Whole lungs of PR8-infected IFNLR-/- mouse,SRP344536,Lung,PR8-only infection,in vivo mouse,A/Puerto Rico/34/8,H1N1
SRR16770157,miRNA-Seq,76,785930896,PRJNA777796,SAMN22882394,314069197,GEO,public,SRX12970065,GSM5670829,NextSeq 500,SINGLE,size fractionation,TRANSCRIPTOMIC,IFNLR-/-,Mus musculus,ILLUMINA,2023-05-15T00:00:00Z,2021-11-04T18:54:00Z,1,GSM5670829,Whole lungs of PR8-infected IFNLR-/- mouse,SRP344536,Lung,PR8-only infection,in vivo mouse,A/Puerto Rico/34/8,H1N1
SRR16770158,miRNA-Seq,76,778193260,PRJNA777796,SAMN22882395,310510801,GEO,public,SRX12970066,GSM5670830,NextSeq 500,SINGLE,size fractionation,TRANSCRIPTOMIC,IFNLR-/-,Mus musculus,ILLUMINA,2023-05-15T00:00:00Z,2021-11-04T18:46:00Z,1,GSM5670830,Whole lungs of DI222-treated IFNLR-/- mouse,SRP344536,Lung,DI222 co-treatment,in vivo mouse,A/Puerto Rico/34/8,H1N1
SRR16770159,miRNA-Seq,76,822478080,PRJNA777796,SAMN22882396,326801721,GEO,public,SRX12970067,GSM5670831,NextSeq 500,SINGLE,size fractionation,TRANSCRIPTOMIC,IFNLR-/-,Mus musculus,ILLUMINA,2023-05-15T00:00:00Z,2021-11-04T18:59:00Z,1,GSM5670831,Whole lungs of DI222-treated IFNLR-/- mouse,SRP344536,Lung,DI222 co-treatment,in vivo mouse,A/Puerto Rico/34/8,H1N1
SRR16770160,miRNA-Seq,76,801948732,PRJNA777796,SAMN22882399,319978291,GEO,public,SRX12970068,GSM5670832,NextSeq 500,SINGLE,size fractionation,TRANSCRIPTOMIC,IFNLR-/-,Mus musculus,ILLUMINA,2023-05-15T00:00:00Z,2021-11-04T18:54:00Z,1,GSM5670832,Whole lungs of DI222-treated IFNLR-/- mouse,SRP344536,Lung,DI222 co-treatment,in vivo mouse,A/Puerto Rico/34/8,H1N1
SRR16770161,miRNA-Seq,76,876481400,PRJNA777796,SAMN22882400,347336821,GEO,public,SRX12970069,GSM5670833,NextSeq 500,SINGLE,size fractionation,TRANSCRIPTOMIC,IFNLR-/-,Mus musculus,ILLUMINA,2023-05-15T00:00:00Z,2021-11-04T18:48:00Z,1,GSM5670833,Whole lungs of DI222-treated IFNLR-/- mouse,SRP344536,Lung,DI222 co-treatment,in vivo mouse,A/Puerto Rico/34/8,H1N1
SRR16770162,miRNA-Seq,76,850838620,PRJNA777796,SAMN22882401,340047609,GEO,public,SRX12970070,GSM5670834,NextSeq 500,SINGLE,size fractionation,TRANSCRIPTOMIC,IFNAR-/- IFNLR-/-,Mus musculus,ILLUMINA,2023-05-15T00:00:00Z,2021-11-04T18:47:00Z,1,GSM5670834,Whole lungs of mock-infected IFNAR-/- IFNLR-/- mouse,SRP344536,Lung,Mock infection,in vivo mouse,A/Puerto Rico/34/8,H1N1
SRR16770163,miRNA-Seq,76,814489264,PRJNA777796,SAMN22882402,323863007,GEO,public,SRX12970071,GSM5670835,NextSeq 500,SINGLE,size fractionation,TRANSCRIPTOMIC,IFNAR-/- IFNLR-/-,Mus musculus,ILLUMINA,2023-05-15T00:00:00Z,2021-11-04T18:56:00Z,1,GSM5670835,Whole lungs of mock-infected IFNAR-/- IFNLR-/- mouse,SRP344536,Lung,Mock infection,in vivo mouse,A/Puerto Rico/34/8,H1N1
SRR16770164,miRNA-Seq,76,780335320,PRJNA777796,SAMN22882403,313865630,GEO,public,SRX12970072,GSM5670836,NextSeq 500,SINGLE,size fractionation,TRANSCRIPTOMIC,IFNAR-/- IFNLR-/-,Mus musculus,ILLUMINA,2023-05-15T00:00:00Z,2021-11-04T18:49:00Z,1,GSM5670836,Whole lungs of mock-infected IFNAR-/- IFNLR-/- mouse,SRP344536,Lung,Mock infection,in vivo mouse,A/Puerto Rico/34/8,H1N1
SRR16770165,miRNA-Seq,76,871069668,PRJNA777796,SAMN22882404,348908642,GEO,public,SRX12970073,GSM5670837,NextSeq 500,SINGLE,size fractionation,TRANSCRIPTOMIC,IFNAR-/- IFNLR-/-,Mus musculus,ILLUMINA,2023-05-15T00:00:00Z,2021-11-04T18:50:00Z,1,GSM5670837,Whole lungs of PR8-infected IFNAR-/- IFNLR-/- mouse,SRP344536,Lung,PR8-only infection,in vivo mouse,A/Puerto Rico/34/8,H1N1
SRR16770166,miRNA-Seq,76,820619880,PRJNA777796,SAMN22882405,329008565,GEO,public,SRX12970074,GSM5670838,NextSeq 500,SINGLE,size fractionation,TRANSCRIPTOMIC,IFNAR-/- IFNLR-/-,Mus musculus,ILLUMINA,2023-05-15T00:00:00Z,2021-11-04T18:47:00Z,1,GSM5670838,Whole lungs of PR8-infected IFNAR-/- IFNLR-/- mouse,SRP344536,Lung,PR8-only infection,in vivo mouse,A/Puerto Rico/34/8,H1N1
SRR16770167,miRNA-Seq,76,719286876,PRJNA777796,SAMN22882406,288800233,GEO,public,SRX12970075,GSM5670839,NextSeq 500,SINGLE,size fractionation,TRANSCRIPTOMIC,IFNAR-/- IFNLR-/-,Mus musculus,ILLUMINA,2023-05-15T00:00:00Z,2021-11-04T18:47:00Z,1,GSM5670839,Whole lungs of PR8-infected IFNAR-/- IFNLR-/- mouse,SRP344536,Lung,PR8-only infection,in vivo mouse,A/Puerto Rico/34/8,H1N1
SRR16770168,miRNA-Seq,76,688908992,PRJNA777796,SAMN22882397,279771849,GEO,public,SRX12970076,GSM5670840,NextSeq 500,SINGLE,size fractionation,TRANSCRIPTOMIC,IFNAR-/- IFNLR-/-,Mus musculus,ILLUMINA,2023-05-15T00:00:00Z,2021-11-04T18:48:00Z,1,GSM5670840,Whole lungs of DI222-treated IFNAR-/- IFNLR-/- mouse,SRP344536,Lung,DI222 co-treatment,in vivo mouse,A/Puerto Rico/34/8,H1N1
SRR16770169,miRNA-Seq,76,770061792,PRJNA777796,SAMN22882398,307360106,GEO,public,SRX12970077,GSM5670841,NextSeq 500,SINGLE,size fractionation,TRANSCRIPTOMIC,IFNAR-/- IFNLR-/-,Mus musculus,ILLUMINA,2023-05-15T00:00:00Z,2021-11-04T18:51:00Z,1,GSM5670841,Whole lungs of DI222-treated IFNAR-/- IFNLR-/- mouse,SRP344536,Lung,DI222 co-treatment,in vivo mouse,A/Puerto Rico/34/8,H1N1
SRR16770170,miRNA-Seq,76,831545944,PRJNA777796,SAMN22882407,333613658,GEO,public,SRX12970078,GSM5670842,NextSeq 500,SINGLE,size fractionation,TRANSCRIPTOMIC,IFNAR-/- IFNLR-/-,Mus musculus,ILLUMINA,2023-05-15T00:00:00Z,2021-11-04T18:49:00Z,1,GSM5670842,Whole lungs of DI222-treated IFNAR-/- IFNLR-/- mouse,SRP344536,Lung,DI222 co-treatment,in vivo mouse,A/Puerto Rico/34/8,H1N1
SRR16770171,OTHER,302,360994492,PRJNA777796,SAMN22882408,155458548,GEO,public,SRX12970079,GSM5670843,NextSeq 500,PAIRED,other,GENOMIC,IFNAR-/-,Influenza A virus (A/Puerto Rico/8/1934(H1N1)),ILLUMINA,2023-05-15T00:00:00Z,2021-11-04T18:39:00Z,1,GSM5670843,Whole lungs of PR8-infected IFNAR-/- mouse,SRP344536,Lung,PR8-only infection,in vivo mouse,A/Puerto Rico/34/8,H1N1
SRR16770172,OTHER,302,363999090,PRJNA777796,SAMN22882409,156615667,GEO,public,SRX12970080,GSM5670844,NextSeq 500,PAIRED,other,GENOMIC,IFNAR-/-,Influenza A virus (A/Puerto Rico/8/1934(H1N1)),ILLUMINA,2023-05-15T00:00:00Z,2021-11-04T18:42:00Z,1,GSM5670844,Whole lungs of PR8-infected IFNAR-/- mouse,SRP344536,Lung,PR8-only infection,in vivo mouse,A/Puerto Rico/34/8,H1N1
SRR16770173,OTHER,302,386013984,PRJNA777796,SAMN22882410,166929672,GEO,public,SRX12970081,GSM5670845,NextSeq 500,PAIRED,other,GENOMIC,IFNAR-/-,Influenza A virus (A/Puerto Rico/8/1934(H1N1)),ILLUMINA,2023-05-15T00:00:00Z,2021-11-04T18:35:00Z,1,GSM5670845,Whole lungs of PR8-infected IFNAR-/- mouse,SRP344536,Lung,PR8-only infection,in vivo mouse,A/Puerto Rico/34/8,H1N1
SRR16770174,OTHER,302,322709650,PRJNA777796,SAMN22882411,140298744,GEO,public,SRX12970082,GSM5670846,NextSeq 500,PAIRED,other,GENOMIC,IFNAR-/-,Influenza A virus (A/Puerto Rico/8/1934(H1N1)),ILLUMINA,2023-05-15T00:00:00Z,2021-11-04T18:40:00Z,1,GSM5670846,Whole lungs of PR8-infected IFNAR-/- mouse,SRP344536,Lung,PR8-only infection,in vivo mouse,A/Puerto Rico/34/8,H1N1
SRR16770175,OTHER,302,354499378,PRJNA777796,SAMN22882412,153796715,GEO,public,SRX12970083,GSM5670847,NextSeq 500,PAIRED,other,GENOMIC,IFNAR-/-,Influenza A virus (A/Puerto Rico/8/1934(H1N1)),ILLUMINA,2023-05-15T00:00:00Z,2021-11-04T18:50:00Z,1,GSM5670847,Whole lungs of PR8-infected IFNAR-/- mouse,SRP344536,Lung,PR8-only infection,in vivo mouse,A/Puerto Rico/34/8,H1N1
SRR16770176,OTHER,302,286562968,PRJNA777796,SAMN22882413,126250529,GEO,public,SRX12970084,GSM5670848,NextSeq 500,PAIRED,other,GENOMIC,IFNAR-/-,Influenza A virus (A/Puerto Rico/8/1934(H1N1)),ILLUMINA,2023-05-15T00:00:00Z,2021-11-04T18:35:00Z,1,GSM5670848,Whole lungs of DI222-treated IFNAR-/- mouse,SRP344536,Lung,DI222 co-treatment,in vivo mouse,A/Puerto Rico/34/8,H1N1
SRR16770177,OTHER,302,360846512,PRJNA777796,SAMN22882414,155243379,GEO,public,SRX12970085,GSM5670849,NextSeq 500,PAIRED,other,GENOMIC,IFNAR-/-,Influenza A virus (A/Puerto Rico/8/1934(H1N1)),ILLUMINA,2023-05-15T00:00:00Z,2021-11-04T18:39:00Z,1,GSM5670849,Whole lungs of DI222-treated IFNAR-/- mouse,SRP344536,Lung,DI222 co-treatment,in vivo mouse,A/Puerto Rico/34/8,H1N1
SRR16770178,OTHER,302,324001908,PRJNA777796,SAMN22882415,140584259,GEO,public,SRX12970086,GSM5670850,NextSeq 500,PAIRED,other,GENOMIC,IFNAR-/-,Influenza A virus (A/Puerto Rico/8/1934(H1N1)),ILLUMINA,2023-05-15T00:00:00Z,2021-11-04T18:38:00Z,1,GSM5670850,Whole lungs of DI222-treated IFNAR-/- mouse,SRP344536,Lung,DI222 co-treatment,in vivo mouse,A/Puerto Rico/34/8,H1N1
SRR16770179,OTHER,302,354566724,PRJNA777796,SAMN22882416,152775041,GEO,public,SRX12970087,GSM5670851,NextSeq 500,PAIRED,other,GENOMIC,IFNAR-/-,Influenza A virus (A/Puerto Rico/8/1934(H1N1)),ILLUMINA,2023-05-15T00:00:00Z,2021-11-04T18:35:00Z,1,GSM5670851,Whole lungs of DI222-treated IFNAR-/- mouse,SRP344536,Lung,DI222 co-treatment,in vivo mouse,A/Puerto Rico/34/8,H1N1
SRR16770180,OTHER,302,344236814,PRJNA777796,SAMN22882417,147822097,GEO,public,SRX12970088,GSM5670852,NextSeq 500,PAIRED,other,GENOMIC,IFNAR-/-,Influenza A virus (A/Puerto Rico/8/1934(H1N1)),ILLUMINA,2023-05-15T00:00:00Z,2021-11-04T18:35:00Z,1,GSM5670852,Whole lungs of DI222-treated IFNAR-/- mouse,SRP344536,Lung,DI222 co-treatment,in vivo mouse,A/Puerto Rico/34/8,H1N1
SRR16770181,OTHER,302,302990560,PRJNA777796,SAMN22882418,130697889,GEO,public,SRX12970089,GSM5670853,NextSeq 500,PAIRED,other,GENOMIC,IFNLR-/-,Influenza A virus (A/Puerto Rico/8/1934(H1N1)),ILLUMINA,2023-05-15T00:00:00Z,2021-11-04T18:46:00Z,1,GSM5670853,Whole lungs of PR8-infected IFNLR-/- mouse,SRP344536,Lung,PR8-only infection,in vivo mouse,A/Puerto Rico/34/8,H1N1
SRR16770182,OTHER,302,320534042,PRJNA777796,SAMN22882420,138787434,GEO,public,SRX12970090,GSM5670854,NextSeq 500,PAIRED,other,GENOMIC,IFNLR-/-,Influenza A virus (A/Puerto Rico/8/1934(H1N1)),ILLUMINA,2023-05-15T00:00:00Z,2021-11-04T18:46:00Z,1,GSM5670854,Whole lungs of PR8-infected IFNLR-/- mouse,SRP344536,Lung,PR8-only infection,in vivo mouse,A/Puerto Rico/34/8,H1N1
SRR16770183,OTHER,302,337788812,PRJNA777796,SAMN22882421,146198180,GEO,public,SRX12970091,GSM5670855,NextSeq 500,PAIRED,other,GENOMIC,IFNLR-/-,Influenza A virus (A/Puerto Rico/8/1934(H1N1)),ILLUMINA,2023-05-15T00:00:00Z,2021-11-04T18:50:00Z,1,GSM5670855,Whole lungs of PR8-infected IFNLR-/- mouse,SRP344536,Lung,PR8-only infection,in vivo mouse,A/Puerto Rico/34/8,H1N1
SRR16770184,OTHER,302,298375094,PRJNA777796,SAMN22882422,128607148,GEO,public,SRX12970092,GSM5670856,NextSeq 500,PAIRED,other,GENOMIC,IFNLR-/-,Influenza A virus (A/Puerto Rico/8/1934(H1N1)),ILLUMINA,2023-05-15T00:00:00Z,2021-11-04T18:43:00Z,1,GSM5670856,Whole lungs of PR8-infected IFNLR-/- mouse,SRP344536,Lung,PR8-only infection,in vivo mouse,A/Puerto Rico/34/8,H1N1
SRR16770185,OTHER,302,350422680,PRJNA777796,SAMN22882423,149761047,GEO,public,SRX12970093,GSM5670857,NextSeq 500,PAIRED,other,GENOMIC,IFNLR-/-,Influenza A virus (A/Puerto Rico/8/1934(H1N1)),ILLUMINA,2023-05-15T00:00:00Z,2021-11-04T18:46:00Z,1,GSM5670857,Whole lungs of PR8-infected IFNLR-/- mouse,SRP344536,Lung,PR8-only infection,in vivo mouse,A/Puerto Rico/34/8,H1N1
SRR16770186,OTHER,302,333845900,PRJNA777796,SAMN22882424,144005813,GEO,public,SRX12970094,GSM5670858,NextSeq 500,PAIRED,other,GENOMIC,IFNLR-/-,Influenza A virus (A/Puerto Rico/8/1934(H1N1)),ILLUMINA,2023-05-15T00:00:00Z,2021-11-04T18:42:00Z,1,GSM5670858,Whole lungs of PR8-infected IFNLR-/- mouse,SRP344536,Lung,PR8-only infection,in vivo mouse,A/Puerto Rico/34/8,H1N1
SRR16770187,OTHER,302,331874746,PRJNA777796,SAMN22882425,144836272,GEO,public,SRX12970095,GSM5670859,NextSeq 500,PAIRED,other,GENOMIC,IFNLR-/-,Influenza A virus (A/Puerto Rico/8/1934(H1N1)),ILLUMINA,2023-05-15T00:00:00Z,2021-11-04T18:42:00Z,1,GSM5670859,Whole lungs of DI222-treated IFNLR-/- mouse,SRP344536,Lung,DI222 co-treatment,in vivo mouse,A/Puerto Rico/34/8,H1N1
SRR16770188,OTHER,302,342085064,PRJNA777796,SAMN22882426,148518532,GEO,public,SRX12970096,GSM5670860,NextSeq 500,PAIRED,other,GENOMIC,IFNLR-/-,Influenza A virus (A/Puerto Rico/8/1934(H1N1)),ILLUMINA,2023-05-15T00:00:00Z,2021-11-04T18:41:00Z,1,GSM5670860,Whole lungs of DI222-treated IFNLR-/- mouse,SRP344536,Lung,DI222 co-treatment,in vivo mouse,A/Puerto Rico/34/8,H1N1
SRR16770189,OTHER,302,335565186,PRJNA777796,SAMN22882427,146894036,GEO,public,SRX12970097,GSM5670861,NextSeq 500,PAIRED,other,GENOMIC,IFNLR-/-,Influenza A virus (A/Puerto Rico/8/1934(H1N1)),ILLUMINA,2023-05-15T00:00:00Z,2021-11-04T18:40:00Z,1,GSM5670861,Whole lungs of DI222-treated IFNLR-/- mouse,SRP344536,Lung,DI222 co-treatment,in vivo mouse,A/Puerto Rico/34/8,H1N1
SRR16770190,OTHER,302,325182728,PRJNA777796,SAMN22882428,142884379,GEO,public,SRX12970098,GSM5670862,NextSeq 500,PAIRED,other,GENOMIC,IFNLR-/-,Influenza A virus (A/Puerto Rico/8/1934(H1N1)),ILLUMINA,2023-05-15T00:00:00Z,2021-11-04T18:42:00Z,1,GSM5670862,Whole lungs of DI222-treated IFNLR-/- mouse,SRP344536,Lung,DI222 co-treatment,in vivo mouse,A/Puerto Rico/34/8,H1N1
SRR16770191,OTHER,302,339084996,PRJNA777796,SAMN22882429,148234677,GEO,public,SRX12970099,GSM5670863,NextSeq 500,PAIRED,other,GENOMIC,IFNAR-/- IFNLR-/-,Influenza A virus (A/Puerto Rico/8/1934(H1N1)),ILLUMINA,2023-05-15T00:00:00Z,2021-11-04T18:50:00Z,1,GSM5670863,Whole lungs of PR8-infected IFNAR-/- IFNLR-/- mouse,SRP344536,Lung,PR8-only infection,in vivo mouse,A/Puerto Rico/34/8,H1N1
SRR16770192,OTHER,302,321904820,PRJNA777796,SAMN22882430,139749541,GEO,public,SRX12970100,GSM5670864,NextSeq 500,PAIRED,other,GENOMIC,IFNAR-/- IFNLR-/-,Influenza A virus (A/Puerto Rico/8/1934(H1N1)),ILLUMINA,2023-05-15T00:00:00Z,2021-11-04T18:41:00Z,1,GSM5670864,Whole lungs of PR8-infected IFNAR-/- IFNLR-/- mouse,SRP344536,Lung,PR8-only infection,in vivo mouse,A/Puerto Rico/34/8,H1N1
SRR16770193,OTHER,302,321469638,PRJNA777796,SAMN22882431,138134462,GEO,public,SRX12970101,GSM5670865,NextSeq 500,PAIRED,other,GENOMIC,IFNAR-/- IFNLR-/-,Influenza A virus (A/Puerto Rico/8/1934(H1N1)),ILLUMINA,2023-05-15T00:00:00Z,2021-11-04T18:40:00Z,1,GSM5670865,Whole lungs of PR8-infected IFNAR-/- IFNLR-/- mouse,SRP344536,Lung,PR8-only infection,in vivo mouse,A/Puerto Rico/34/8,H1N1
SRR16770194,OTHER,302,319570360,PRJNA777796,SAMN22882432,140057927,GEO,public,SRX12970102,GSM5670866,NextSeq 500,PAIRED,other,GENOMIC,IFNAR-/- IFNLR-/-,Influenza A virus (A/Puerto Rico/8/1934(H1N1)),ILLUMINA,2023-05-15T00:00:00Z,2021-11-04T18:51:00Z,1,GSM5670866,Whole lungs of DI222-treated IFNAR-/- IFNLR-/- mouse,SRP344536,Lung,DI222 co-treatment,in vivo mouse,A/Puerto Rico/34/8,H1N1
SRR16770195,OTHER,302,346675766,PRJNA777796,SAMN22882433,150775604,GEO,public,SRX12970103,GSM5670867,NextSeq 500,PAIRED,other,GENOMIC,IFNAR-/- IFNLR-/-,Influenza A virus (A/Puerto Rico/8/1934(H1N1)),ILLUMINA,2023-05-15T00:00:00Z,2021-11-04T18:43:00Z,1,GSM5670867,Whole lungs of DI222-treated IFNAR-/- IFNLR-/- mouse,SRP344536,Lung,DI222 co-treatment,in vivo mouse,A/Puerto Rico/34/8,H1N1
SRR16770196,OTHER,302,354048794,PRJNA777796,SAMN22882434,153733272,GEO,public,SRX12970104,GSM5670868,NextSeq 500,PAIRED,other,GENOMIC,IFNAR-/- IFNLR-/-,Influenza A virus (A/Puerto Rico/8/1934(H1N1)),ILLUMINA,2023-05-15T00:00:00Z,2021-11-04T18:46:00Z,1,GSM5670868,Whole lungs of DI222-treated IFNAR-/- IFNLR-/- mouse,SRP344536,Lung,DI222 co-treatment,in vivo mouse,A/Puerto Rico/34/8,H1N1
SRR16770197,OTHER,302,348051074,PRJNA777796,SAMN22882444,150194904,GEO,public,SRX12970105,GSM5670869,NextSeq 500,PAIRED,other,GENOMIC,IFNAR-/-,Influenza A virus (A/Puerto Rico/8/1934(H1N1)),ILLUMINA,2023-05-15T00:00:00Z,2021-11-04T18:50:00Z,1,GSM5670869,Whole lungs of PR8-infected IFNAR-/- mouse,SRP344536,Lung,PR8-only infection,in vivo mouse,A/Puerto Rico/34/8,H1N1
SRR16770198,OTHER,302,315587584,PRJNA777796,SAMN22882435,135973082,GEO,public,SRX12970109,GSM5670870,NextSeq 500,PAIRED,other,GENOMIC,IFNAR-/-,Influenza A virus (A/Puerto Rico/8/1934(H1N1)),ILLUMINA,2023-05-15T00:00:00Z,2021-11-04T18:39:00Z,1,GSM5670870,Whole lungs of PR8-infected IFNAR-/- mouse,SRP344536,Lung,PR8-only infection,in vivo mouse,A/Puerto Rico/34/8,H1N1
SRR16770199,OTHER,302,297856862,PRJNA777796,SAMN22882436,129100886,GEO,public,SRX12970110,GSM5670871,NextSeq 500,PAIRED,other,GENOMIC,IFNAR-/-,Influenza A virus (A/Puerto Rico/8/1934(H1N1)),ILLUMINA,2023-05-15T00:00:00Z,2021-11-04T18:42:00Z,1,GSM5670871,Whole lungs of PR8-infected IFNAR-/- mouse,SRP344536,Lung,PR8-only infection,in vivo mouse,A/Puerto Rico/34/8,H1N1
SRR16770200,OTHER,302,318120156,PRJNA777796,SAMN22882437,137796879,GEO,public,SRX12970111,GSM5670872,NextSeq 500,PAIRED,other,GENOMIC,IFNAR-/-,Influenza A virus (A/Puerto Rico/8/1934(H1N1)),ILLUMINA,2023-05-15T00:00:00Z,2021-11-04T18:40:00Z,1,GSM5670872,Whole lungs of PR8-infected IFNAR-/- mouse,SRP344536,Lung,PR8-only infection,in vivo mouse,A/Puerto Rico/34/8,H1N1
SRR16770201,OTHER,302,339638864,PRJNA777796,SAMN22882438,147212531,GEO,public,SRX12970112,GSM5670873,NextSeq 500,PAIRED,other,GENOMIC,IFNAR-/-,Influenza A virus (A/Puerto Rico/8/1934(H1N1)),ILLUMINA,2023-05-15T00:00:00Z,2021-11-04T18:42:00Z,1,GSM5670873,Whole lungs of PR8-infected IFNAR-/- mouse,SRP344536,Lung,PR8-only infection,in vivo mouse,A/Puerto Rico/34/8,H1N1
SRR16770202,OTHER,302,335263488,PRJNA777796,SAMN22882439,145504634,GEO,public,SRX12970113,GSM5670874,NextSeq 500,PAIRED,other,GENOMIC,IFNAR-/-,Influenza A virus (A/Puerto Rico/8/1934(H1N1)),ILLUMINA,2023-05-15T00:00:00Z,2021-11-04T18:38:00Z,1,GSM5670874,Whole lungs of DI222-treated IFNAR-/- mouse,SRP344536,Lung,DI222 co-treatment,in vivo mouse,A/Puerto Rico/34/8,H1N1
SRR16770203,OTHER,302,349825022,PRJNA777796,SAMN22882440,151357414,GEO,public,SRX12970114,GSM5670875,NextSeq 500,PAIRED,other,GENOMIC,IFNAR-/-,Influenza A virus (A/Puerto Rico/8/1934(H1N1)),ILLUMINA,2023-05-15T00:00:00Z,2021-11-04T18:38:00Z,1,GSM5670875,Whole lungs of DI222-treated IFNAR-/- mouse,SRP344536,Lung,DI222 co-treatment,in vivo mouse,A/Puerto Rico/34/8,H1N1
SRR16770204,OTHER,302,313528246,PRJNA777796,SAMN22882441,137262196,GEO,public,SRX12970115,GSM5670876,NextSeq 500,PAIRED,other,GENOMIC,IFNAR-/-,Influenza A virus (A/Puerto Rico/8/1934(H1N1)),ILLUMINA,2023-05-15T00:00:00Z,2021-11-04T18:38:00Z,1,GSM5670876,Whole lungs of DI222-treated IFNAR-/- mouse,SRP344536,Lung,DI222 co-treatment,in vivo mouse,A/Puerto Rico/34/8,H1N1
SRR16770205,OTHER,302,320641554,PRJNA777796,SAMN22882442,139928864,GEO,public,SRX12970116,GSM5670877,NextSeq 500,PAIRED,other,GENOMIC,IFNAR-/-,Influenza A virus (A/Puerto Rico/8/1934(H1N1)),ILLUMINA,2023-05-15T00:00:00Z,2021-11-04T18:38:00Z,1,GSM5670877,Whole lungs of DI222-treated IFNAR-/- mouse,SRP344536,Lung,DI222 co-treatment,in vivo mouse,A/Puerto Rico/34/8,H1N1
SRR16770206,OTHER,302,341634178,PRJNA777796,SAMN22882443,148439165,GEO,public,SRX12970117,GSM5670878,NextSeq 500,PAIRED,other,GENOMIC,IFNAR-/-,Influenza A virus (A/Puerto Rico/8/1934(H1N1)),ILLUMINA,2023-05-15T00:00:00Z,2021-11-04T18:42:00Z,1,GSM5670878,Whole lungs of DI222-treated IFNAR-/- mouse,SRP344536,Lung,DI222 co-treatment,in vivo mouse,A/Puerto Rico/34/8,H1N1
SRR16770207,OTHER,302,280191674,PRJNA777796,SAMN22882445,121888352,GEO,public,SRX12970118,GSM5670879,NextSeq 500,PAIRED,other,GENOMIC,IFNLR-/-,Influenza A virus (A/Puerto Rico/8/1934(H1N1)),ILLUMINA,2023-05-15T00:00:00Z,2021-11-04T18:44:00Z,1,GSM5670879,Whole lungs of PR8-infected IFNLR-/- mouse,SRP344536,Lung,PR8-only infection,in vivo mouse,A/Puerto Rico/34/8,H1N1
SRR16770208,OTHER,302,264046754,PRJNA777796,SAMN22882446,115372811,GEO,public,SRX12970119,GSM5670880,NextSeq 500,PAIRED,other,GENOMIC,IFNLR-/-,Influenza A virus (A/Puerto Rico/8/1934(H1N1)),ILLUMINA,2023-05-15T00:00:00Z,2021-11-04T18:46:00Z,1,GSM5670880,Whole lungs of PR8-infected IFNLR-/- mouse,SRP344536,Lung,PR8-only infection,in vivo mouse,A/Puerto Rico/34/8,H1N1
SRR16770209,OTHER,302,316458250,PRJNA777796,SAMN22882447,137838542,GEO,public,SRX12970120,GSM5670881,NextSeq 500,PAIRED,other,GENOMIC,IFNLR-/-,Influenza A virus (A/Puerto Rico/8/1934(H1N1)),ILLUMINA,2023-05-15T00:00:00Z,2021-11-04T18:45:00Z,1,GSM5670881,Whole lungs of PR8-infected IFNLR-/- mouse,SRP344536,Lung,PR8-only infection,in vivo mouse,A/Puerto Rico/34/8,H1N1
SRR16770210,OTHER,302,294538486,PRJNA777796,SAMN22882448,128388004,GEO,public,SRX12970121,GSM5670882,NextSeq 500,PAIRED,other,GENOMIC,IFNLR-/-,Influenza A virus (A/Puerto Rico/8/1934(H1N1)),ILLUMINA,2023-05-15T00:00:00Z,2021-11-04T18:45:00Z,1,GSM5670882,Whole lungs of PR8-infected IFNLR-/- mouse,SRP344536,Lung,PR8-only infection,in vivo mouse,A/Puerto Rico/34/8,H1N1
SRR16770211,OTHER,302,319805014,PRJNA777796,SAMN22882449,138438291,GEO,public,SRX12970122,GSM5670883,NextSeq 500,PAIRED,other,GENOMIC,IFNLR-/-,Influenza A virus (A/Puerto Rico/8/1934(H1N1)),ILLUMINA,2023-05-15T00:00:00Z,2021-11-04T18:47:00Z,1,GSM5670883,Whole lungs of PR8-infected IFNLR-/- mouse,SRP344536,Lung,PR8-only infection,in vivo mouse,A/Puerto Rico/34/8,H1N1
SRR16770212,OTHER,302,301217820,PRJNA777796,SAMN22882450,131612505,GEO,public,SRX12970123,GSM5670884,NextSeq 500,PAIRED,other,GENOMIC,IFNLR-/-,Influenza A virus (A/Puerto Rico/8/1934(H1N1)),ILLUMINA,2023-05-15T00:00:00Z,2021-11-04T18:42:00Z,1,GSM5670884,Whole lungs of PR8-infected IFNLR-/- mouse,SRP344536,Lung,PR8-only infection,in vivo mouse,A/Puerto Rico/34/8,H1N1
SRR16770213,OTHER,302,342838856,PRJNA777796,SAMN22882451,148234788,GEO,public,SRX12970124,GSM5670885,NextSeq 500,PAIRED,other,GENOMIC,IFNLR-/-,Influenza A virus (A/Puerto Rico/8/1934(H1N1)),ILLUMINA,2023-05-15T00:00:00Z,2021-11-04T18:41:00Z,1,GSM5670885,Whole lungs of DI222-treated IFNLR-/- mouse,SRP344536,Lung,DI222 co-treatment,in vivo mouse,A/Puerto Rico/34/8,H1N1
SRR16770214,OTHER,302,334386480,PRJNA777796,SAMN22882452,144269066,GEO,public,SRX12970125,GSM5670886,NextSeq 500,PAIRED,other,GENOMIC,IFNLR-/-,Influenza A virus (A/Puerto Rico/8/1934(H1N1)),ILLUMINA,2023-05-15T00:00:00Z,2021-11-04T18:43:00Z,1,GSM5670886,Whole lungs of DI222-treated IFNLR-/- mouse,SRP344536,Lung,DI222 co-treatment,in vivo mouse,A/Puerto Rico/34/8,H1N1
SRR16770215,OTHER,302,321866466,PRJNA777796,SAMN22882453,139992746,GEO,public,SRX12970126,GSM5670887,NextSeq 500,PAIRED,other,GENOMIC,IFNLR-/-,Influenza A virus (A/Puerto Rico/8/1934(H1N1)),ILLUMINA,2023-05-15T00:00:00Z,2021-11-04T18:41:00Z,1,GSM5670887,Whole lungs of DI222-treated IFNLR-/- mouse,SRP344536,Lung,DI222 co-treatment,in vivo mouse,A/Puerto Rico/34/8,H1N1
SRR16770216,OTHER,302,359039646,PRJNA777796,SAMN22882454,156413558,GEO,public,SRX12970127,GSM5670888,NextSeq 500,PAIRED,other,GENOMIC,IFNLR-/-,Influenza A virus (A/Puerto Rico/8/1934(H1N1)),ILLUMINA,2023-05-15T00:00:00Z,2021-11-04T18:42:00Z,1,GSM5670888,Whole lungs of DI222-treated IFNLR-/- mouse,SRP344536,Lung,DI222 co-treatment,in vivo mouse,A/Puerto Rico/34/8,H1N1
SRR16770217,OTHER,302,336637588,PRJNA777796,SAMN22882455,145852195,GEO,public,SRX12970128,GSM5670889,NextSeq 500,PAIRED,other,GENOMIC,IFNAR-/- IFNLR-/-,Influenza A virus (A/Puerto Rico/8/1934(H1N1)),ILLUMINA,2023-05-15T00:00:00Z,2021-11-04T18:41:00Z,1,GSM5670889,Whole lungs of PR8-infected IFNAR-/- IFNLR-/- mouse,SRP344536,Lung,PR8-only infection,in vivo mouse,A/Puerto Rico/34/8,H1N1
SRR16770218,OTHER,302,348516456,PRJNA777796,SAMN22882456,150438177,GEO,public,SRX12970129,GSM5670890,NextSeq 500,PAIRED,other,GENOMIC,IFNAR-/- IFNLR-/-,Influenza A virus (A/Puerto Rico/8/1934(H1N1)),ILLUMINA,2023-05-15T00:00:00Z,2021-11-04T18:42:00Z,1,GSM5670890,Whole lungs of PR8-infected IFNAR-/- IFNLR-/- mouse,SRP344536,Lung,PR8-only infection,in vivo mouse,A/Puerto Rico/34/8,H1N1
SRR16770219,OTHER,302,377651604,PRJNA777796,SAMN22882457,162452709,GEO,public,SRX12970130,GSM5670891,NextSeq 500,PAIRED,other,GENOMIC,IFNAR-/- IFNLR-/-,Influenza A virus (A/Puerto Rico/8/1934(H1N1)),ILLUMINA,2023-05-15T00:00:00Z,2021-11-04T18:43:00Z,1,GSM5670891,Whole lungs of PR8-infected IFNAR-/- IFNLR-/- mouse,SRP344536,Lung,PR8-only infection,in vivo mouse,A/Puerto Rico/34/8,H1N1
SRR16770220,OTHER,302,336590174,PRJNA777796,SAMN22882458,147040931,GEO,public,SRX12970131,GSM5670892,NextSeq 500,PAIRED,other,GENOMIC,IFNAR-/- IFNLR-/-,Influenza A virus (A/Puerto Rico/8/1934(H1N1)),ILLUMINA,2023-05-15T00:00:00Z,2021-11-04T18:42:00Z,1,GSM5670892,Whole lungs of DI222-treated IFNAR-/- IFNLR-/- mouse,SRP344536,Lung,DI222 co-treatment,in vivo mouse,A/Puerto Rico/34/8,H1N1
SRR16770221,OTHER,302,368738376,PRJNA777796,SAMN22882459,160334543,GEO,public,SRX12970132,GSM5670893,NextSeq 500,PAIRED,other,GENOMIC,IFNAR-/- IFNLR-/-,Influenza A virus (A/Puerto Rico/8/1934(H1N1)),ILLUMINA,2023-05-15T00:00:00Z,2021-11-04T18:46:00Z,1,GSM5670893,Whole lungs of DI222-treated IFNAR-/- IFNLR-/- mouse,SRP344536,Lung,DI222 co-treatment,in vivo mouse,A/Puerto Rico/34/8,H1N1
SRR16770222,OTHER,302,355577216,PRJNA777796,SAMN22882460,154393167,GEO,public,SRX12970133,GSM5670894,NextSeq 500,PAIRED,other,GENOMIC,IFNAR-/- IFNLR-/-,Influenza A virus (A/Puerto Rico/8/1934(H1N1)),ILLUMINA,2023-05-15T00:00:00Z,2021-11-04T18:43:00Z,1,GSM5670894,Whole lungs of DI222-treated IFNAR-/- IFNLR-/- mouse,SRP344536,Lung,DI222 co-treatment,in vivo mouse,A/Puerto Rico/34/8,H1N1
SRR23877993,RNA-Seq,197,3077046383,PRJNA777796,SAMN33785835,1205478866,GEO,public,SRX19689997,GSM7102366,NextSeq 500,PAIRED,cDNA,TRANSCRIPTOMIC,IFNAR-/-,Mus musculus,ILLUMINA,2023-05-15T00:00:00Z,2023-03-17T15:49:00Z,1,GSM7102366,Lung,SRP344536,Lung,DI222 co-treatment,in vivo mouse,A/Puerto Rico/34/8,H1N1
SRR23877994,RNA-Seq,197,2628860295,PRJNA777796,SAMN33785836,1023609181,GEO,public,SRX19689998,GSM7102367,NextSeq 500,PAIRED,cDNA,TRANSCRIPTOMIC,IFNAR-/-,Mus musculus,ILLUMINA,2023-05-15T00:00:00Z,2023-03-17T15:49:00Z,1,GSM7102367,Lung,SRP344536,Lung,DI222 co-treatment,in vivo mouse,A/Puerto Rico/34/8,H1N1
SRR23877995,RNA-Seq,197,3338013865,PRJNA777796,SAMN33785837,1296632879,GEO,public,SRX19689999,GSM7102368,NextSeq 500,PAIRED,cDNA,TRANSCRIPTOMIC,IFNAR-/-,Mus musculus,ILLUMINA,2023-05-15T00:00:00Z,2023-03-17T15:54:00Z,1,GSM7102368,Lung,SRP344536,Lung,DI222 co-treatment,in vivo mouse,A/Puerto Rico/34/8,H1N1
SRR23877996,RNA-Seq,196,2907577295,PRJNA777796,SAMN33785838,1145501178,GEO,public,SRX19690000,GSM7102369,NextSeq 500,PAIRED,cDNA,TRANSCRIPTOMIC,IFNAR-/-,Mus musculus,ILLUMINA,2023-05-15T00:00:00Z,2023-03-17T15:51:00Z,1,GSM7102369,Lung,SRP344536,Lung,DI222 co-treatment,in vivo mouse,A/Puerto Rico/34/8,H1N1
SRR23877997,RNA-Seq,196,2993123352,PRJNA777796,SAMN33785839,1180409464,GEO,public,SRX19690001,GSM7102370,NextSeq 500,PAIRED,cDNA,TRANSCRIPTOMIC,IFNAR-/-,Mus musculus,ILLUMINA,2023-05-15T00:00:00Z,2023-03-17T15:49:00Z,1,GSM7102370,Lung,SRP344536,Lung,DI244 co-treatment,in vivo mouse,A/Puerto Rico/34/8,H1N1
SRR23877998,RNA-Seq,197,3194616523,PRJNA777796,SAMN33785840,1251803063,GEO,public,SRX19690002,GSM7102371,NextSeq 500,PAIRED,cDNA,TRANSCRIPTOMIC,IFNAR-/-,Mus musculus,ILLUMINA,2023-05-15T00:00:00Z,2023-03-17T15:55:00Z,1,GSM7102371,Lung,SRP344536,Lung,DI244 co-treatment,in vivo mouse,A/Puerto Rico/34/8,H1N1
SRR23877999,RNA-Seq,197,2868765832,PRJNA777796,SAMN33785841,1122700580,GEO,public,SRX19690003,GSM7102372,NextSeq 500,PAIRED,cDNA,TRANSCRIPTOMIC,IFNAR-/-,Mus musculus,ILLUMINA,2023-05-15T00:00:00Z,2023-03-17T15:48:00Z,1,GSM7102372,Lung,SRP344536,Lung,DI244 co-treatment,in vivo mouse,A/Puerto Rico/34/8,H1N1
SRR23878000,RNA-Seq,196,2625443452,PRJNA777796,SAMN33785842,1052694071,GEO,public,SRX19690004,GSM7102373,NextSeq 500,PAIRED,cDNA,TRANSCRIPTOMIC,IFNAR-/-,Mus musculus,ILLUMINA,2023-05-15T00:00:00Z,2023-03-17T15:51:00Z,1,GSM7102373,Lung,SRP344536,Lung,DI244 co-treatment,in vivo mouse,A/Puerto Rico/34/8,H1N1
SRR23878001,RNA-Seq,196,2614679126,PRJNA777796,SAMN33785843,1032773396,GEO,public,SRX19690005,GSM7102374,NextSeq 500,PAIRED,cDNA,TRANSCRIPTOMIC,IFNAR-/-,Mus musculus,ILLUMINA,2023-05-15T00:00:00Z,2023-03-17T15:52:00Z,1,GSM7102374,Lung,SRP344536,Lung,Mock infection,in vivo mouse,A/Puerto Rico/34/8,H1N1
SRR23878002,RNA-Seq,196,2833015018,PRJNA777796,SAMN33785844,1124181839,GEO,public,SRX19690006,GSM7102375,NextSeq 500,PAIRED,cDNA,TRANSCRIPTOMIC,IFNAR-/-,Mus musculus,ILLUMINA,2023-05-15T00:00:00Z,2023-03-17T15:51:00Z,1,GSM7102375,Lung,SRP344536,Lung,Mock infection,in vivo mouse,A/Puerto Rico/34/8,H1N1
SRR23878003,RNA-Seq,197,3433205163,PRJNA777796,SAMN33785845,1346040177,GEO,public,SRX19690007,GSM7102376,NextSeq 500,PAIRED,cDNA,TRANSCRIPTOMIC,IFNAR-/-,Mus musculus,ILLUMINA,2023-05-15T00:00:00Z,2023-03-17T15:54:00Z,1,GSM7102376,Lung,SRP344536,Lung,Mock infection,in vivo mouse,A/Puerto Rico/34/8,H1N1
SRR23878004,RNA-Seq,196,3088653991,PRJNA777796,SAMN33785846,1219264015,GEO,public,SRX19690008,GSM7102377,NextSeq 500,PAIRED,cDNA,TRANSCRIPTOMIC,IFNAR-/-,Mus musculus,ILLUMINA,2023-05-15T00:00:00Z,2023-03-17T15:49:00Z,1,GSM7102377,Lung,SRP344536,Lung,Mock infection,in vivo mouse,A/Puerto Rico/34/8,H1N1
SRR23878005,RNA-Seq,197,3264658764,PRJNA777796,SAMN33785847,1277539825,GEO,public,SRX19690009,GSM7102378,NextSeq 500,PAIRED,cDNA,TRANSCRIPTOMIC,IFNAR-/-,Mus musculus,ILLUMINA,2023-05-15T00:00:00Z,2023-03-17T15:51:00Z,1,GSM7102378,Lung,SRP344536,Lung,PR8-only infection,in vivo mouse,A/Puerto Rico/34/8,H1N1
SRR23878006,RNA-Seq,197,3230065888,PRJNA777796,SAMN33785848,1257716584,GEO,public,SRX19690010,GSM7102379,NextSeq 500,PAIRED,cDNA,TRANSCRIPTOMIC,IFNAR-/-,Mus musculus,ILLUMINA,2023-05-15T00:00:00Z,2023-03-17T15:52:00Z,1,GSM7102379,Lung,SRP344536,Lung,PR8-only infection,in vivo mouse,A/Puerto Rico/34/8,H1N1
SRR23878007,RNA-Seq,197,3349926615,PRJNA777796,SAMN33785849,1303847321,GEO,public,SRX19690011,GSM7102380,NextSeq 500,PAIRED,cDNA,TRANSCRIPTOMIC,IFNAR-/-,Mus musculus,ILLUMINA,2023-05-15T00:00:00Z,2023-03-17T15:55:00Z,1,GSM7102380,Lung,SRP344536,Lung,PR8-only infection,in vivo mouse,A/Puerto Rico/34/8,H1N1
SRR23878008,RNA-Seq,196,3386610471,PRJNA777796,SAMN33785850,1332106358,GEO,public,SRX19690012,GSM7102381,NextSeq 500,PAIRED,cDNA,TRANSCRIPTOMIC,IFNAR-/-,Mus musculus,ILLUMINA,2023-05-15T00:00:00Z,2023-03-17T16:02:00Z,1,GSM7102381,Lung,SRP344536,Lung,PR8-only infection,in vivo mouse,A/Puerto Rico/34/8,H1N1
SRR23878009,RNA-Seq,196,3046955579,PRJNA777796,SAMN33785851,1203261059,GEO,public,SRX19690013,GSM7102382,NextSeq 500,PAIRED,cDNA,TRANSCRIPTOMIC,WT,Mus musculus,ILLUMINA,2023-05-15T00:00:00Z,2023-03-17T15:51:00Z,1,GSM7102382,Lung,SRP344536,Lung,DI222 co-treatment,in vivo mouse,A/Puerto Rico/34/8,H1N1
SRR23878010,RNA-Seq,197,2849247023,PRJNA777796,SAMN33785852,1117640958,GEO,public,SRX19690014,GSM7102383,NextSeq 500,PAIRED,cDNA,TRANSCRIPTOMIC,WT,Mus musculus,ILLUMINA,2023-05-15T00:00:00Z,2023-03-17T15:50:00Z,1,GSM7102383,Lung,SRP344536,Lung,DI222 co-treatment,in vivo mouse,A/Puerto Rico/34/8,H1N1
SRR23878011,RNA-Seq,197,2684794040,PRJNA777796,SAMN33785853,1053881288,GEO,public,SRX19690015,GSM7102384,NextSeq 500,PAIRED,cDNA,TRANSCRIPTOMIC,WT,Mus musculus,ILLUMINA,2023-05-15T00:00:00Z,2023-03-17T15:47:00Z,1,GSM7102384,Lung,SRP344536,Lung,DI222 co-treatment,in vivo mouse,A/Puerto Rico/34/8,H1N1
SRR23878012,RNA-Seq,196,2655492244,PRJNA777796,SAMN33785854,1046604674,GEO,public,SRX19690016,GSM7102385,NextSeq 500,PAIRED,cDNA,TRANSCRIPTOMIC,WT,Mus musculus,ILLUMINA,2023-05-15T00:00:00Z,2023-03-17T15:53:00Z,1,GSM7102385,Lung,SRP344536,Lung,DI222 co-treatment,in vivo mouse,A/Puerto Rico/34/8,H1N1
SRR23878013,RNA-Seq,196,2973850051,PRJNA777796,SAMN33785855,1181418344,GEO,public,SRX19690017,GSM7102386,NextSeq 500,PAIRED,cDNA,TRANSCRIPTOMIC,WT,Mus musculus,ILLUMINA,2023-05-15T00:00:00Z,2023-03-17T15:54:00Z,1,GSM7102386,Lung,SRP344536,Lung,DI244 co-treatment,in vivo mouse,A/Puerto Rico/34/8,H1N1
SRR23878014,RNA-Seq,196,2970343620,PRJNA777796,SAMN33785856,1184680721,GEO,public,SRX19690018,GSM7102387,NextSeq 500,PAIRED,cDNA,TRANSCRIPTOMIC,WT,Mus musculus,ILLUMINA,2023-05-15T00:00:00Z,2023-03-17T16:03:00Z,1,GSM7102387,Lung,SRP344536,Lung,DI244 co-treatment,in vivo mouse,A/Puerto Rico/34/8,H1N1
SRR23878015,RNA-Seq,196,3228691259,PRJNA777796,SAMN33785857,1276087989,GEO,public,SRX19690019,GSM7102388,NextSeq 500,PAIRED,cDNA,TRANSCRIPTOMIC,WT,Mus musculus,ILLUMINA,2023-05-15T00:00:00Z,2023-03-17T15:58:00Z,1,GSM7102388,Lung,SRP344536,Lung,DI244 co-treatment,in vivo mouse,A/Puerto Rico/34/8,H1N1
SRR23878016,RNA-Seq,196,2978771824,PRJNA777796,SAMN33785858,1182503510,GEO,public,SRX19690020,GSM7102389,NextSeq 500,PAIRED,cDNA,TRANSCRIPTOMIC,WT,Mus musculus,ILLUMINA,2023-05-15T00:00:00Z,2023-03-17T15:54:00Z,1,GSM7102389,Lung,SRP344536,Lung,DI244 co-treatment,in vivo mouse,A/Puerto Rico/34/8,H1N1
SRR23878017,RNA-Seq,196,2941930440,PRJNA777796,SAMN33785859,1166032852,GEO,public,SRX19690021,GSM7102390,NextSeq 500,PAIRED,cDNA,TRANSCRIPTOMIC,WT,Mus musculus,ILLUMINA,2023-05-15T00:00:00Z,2023-03-17T15:53:00Z,1,GSM7102390,Lung,SRP344536,Lung,Mock infection,in vivo mouse,A/Puerto Rico/34/8,H1N1
SRR23878018,RNA-Seq,196,3463735326,PRJNA777796,SAMN33785860,1377368620,GEO,public,SRX19690022,GSM7102391,NextSeq 500,PAIRED,cDNA,TRANSCRIPTOMIC,WT,Mus musculus,ILLUMINA,2023-05-15T00:00:00Z,2023-03-17T15:51:00Z,1,GSM7102391,Lung,SRP344536,Lung,Mock infection,in vivo mouse,A/Puerto Rico/34/8,H1N1
SRR23878019,RNA-Seq,196,2662350983,PRJNA777796,SAMN33785862,1050297194,GEO,public,SRX19690023,GSM7102392,NextSeq 500,PAIRED,cDNA,TRANSCRIPTOMIC,WT,Mus musculus,ILLUMINA,2023-05-15T00:00:00Z,2023-03-17T15:50:00Z,1,GSM7102392,Lung,SRP344536,Lung,Mock infection,in vivo mouse,A/Puerto Rico/34/8,H1N1
SRR23878020,RNA-Seq,196,3154015605,PRJNA777796,SAMN33785863,1250569404,GEO,public,SRX19690024,GSM7102393,NextSeq 500,PAIRED,cDNA,TRANSCRIPTOMIC,WT,Mus musculus,ILLUMINA,2023-05-15T00:00:00Z,2023-03-17T15:52:00Z,1,GSM7102393,Lung,SRP344536,Lung,Mock infection,in vivo mouse,A/Puerto Rico/34/8,H1N1
SRR23878021,RNA-Seq,197,2814009224,PRJNA777796,SAMN33785864,1097532452,GEO,public,SRX19690025,GSM7102394,NextSeq 500,PAIRED,cDNA,TRANSCRIPTOMIC,WT,Mus musculus,ILLUMINA,2023-05-15T00:00:00Z,2023-03-17T15:50:00Z,1,GSM7102394,Lung,SRP344536,Lung,PR8-only infection,in vivo mouse,A/Puerto Rico/34/8,H1N1
SRR23878022,RNA-Seq,196,2988957877,PRJNA777796,SAMN33785865,1192644626,GEO,public,SRX19690026,GSM7102395,NextSeq 500,PAIRED,cDNA,TRANSCRIPTOMIC,WT,Mus musculus,ILLUMINA,2023-05-15T00:00:00Z,2023-03-17T15:53:00Z,1,GSM7102395,Lung,SRP344536,Lung,PR8-only infection,in vivo mouse,A/Puerto Rico/34/8,H1N1
SRR23878023,RNA-Seq,194,2540217744,PRJNA777796,SAMN33785861,1043375216,GEO,public,SRX19690027,GSM7102396,NextSeq 500,PAIRED,cDNA,TRANSCRIPTOMIC,WT,Mus musculus,ILLUMINA,2023-05-15T00:00:00Z,2023-03-17T15:50:00Z,1,GSM7102396,Lung,SRP344536,Lung,PR8-only infection,in vivo mouse,A/Puerto Rico/34/8,H1N1
